episode,total_steps,total_reward,average_reward,minerals_collected,exploration_rate,epsilon,memory_size,loss_avg,timestamp
0,0,0,0,0,0.0,1.0,50,0,2026-02-05T22:16:20.683298
0,0,0,0,0,1.9820956648050503,0.9801790433519495,50,0,2026-02-05T22:36:00.453475
0,0,0,0,0,1.9820956648050503,0.9801790433519495,50,0,2026-02-05T23:11:53.292187
1,0,0,0,0,2.373775210528495,0.976262247894715,54,0,2026-02-05T23:12:12.937421
2,0,0,0,0,7.139711708122565,0.9286028829187744,104,0,2026-02-05T23:16:48.312093
3,0,0,0,0,11.672983767978929,0.8832701623202107,154,0,2026-02-05T23:21:13.463530
4,0,0,0,0,15.984949648986468,0.8401505035101353,204,0,2026-02-05T23:25:48.943977
5,0,0,0,0,20.086413120288114,0.7991358687971188,254,0,2026-02-05T23:29:10.272538
6,0,0,0,0,23.987650530471647,0.7601234946952835,304,0,2026-02-05T23:35:27.446878
7,0,0,0,0,27.698436555291593,0.723015634447084,354,0,2026-02-05T23:41:33.045100
8,0,0,0,0,27.843039682181015,0.7215696031781899,356,0,2026-02-05T23:41:44.968790
9,0,0,0,0,31.090249186807085,0.6890975081319292,403,0,2026-02-05T23:45:14.583334
10,0,0,0,0,31.63987556330259,0.6836012443669741,411,0,2026-02-05T23:45:49.000691
11,0,0,0,0,34.97709374146639,0.6502290625853361,461,0,2026-02-05T23:49:56.173001
12,0,0,0,0,38.15139493753807,0.6184860506246193,511,0,2026-02-05T23:55:33.660958
13,0,0,0,0,41.17073246521702,0.5882926753478298,561,0,2026-02-06T00:01:26.023457
14,0,0,0,0,44.042671371749286,0.5595732862825071,611,0,2026-02-06T00:07:12.647549
15,0,0,0,0,44.15458602900579,0.5584541397099421,614,0,2026-02-06T00:07:19.439823
16,0,0,0,0,46.88085857761218,0.5311914142238782,664,0,2026-02-06T00:13:39.146933
17,0,0,0,0,46.98709686045696,0.5301290313954304,666,0,2026-02-06T00:13:43.731757
18,0,0,0,0,49.575091330805634,0.5042490866919437,716,0,2026-02-06T00:18:51.018977
19,0,0,0,0,49.67594114814402,0.5032405885185598,718,0,2026-02-06T00:19:01.039551
20,0,0,0,0,49.77658926584774,0.5022341073415226,720,0,2026-02-06T00:19:14.517257
21,0,0,0,0,49.87703608731604,0.5012296391268396,722,0,2026-02-06T00:19:26.053120
22,0,0,0,0,52.32394892855513,0.4767605107144487,772,0,2026-02-06T00:24:51.670207
23,0,0,0,0,54.65140789106807,0.4534859210893193,822,0,2026-02-06T00:30:31.824076
24,0,0,0,0,56.86524449811235,0.4313475550188765,872,0,2026-02-06T00:36:38.380623
25,0,0,0,0,58.64112588572321,0.4135887411427679,915,0,2026-02-06T00:41:31.415873
26,0,0,0,0,60.343893268950175,0.39656106731049817,958,0,2026-02-06T00:46:21.592691
27,0,0,0,0,60.42320548241229,0.39576794517587716,960,0,2026-02-06T00:46:29.544131
28,0,0,0,0,60.50235907144745,0.3949764092855254,962,0,2026-02-06T00:46:41.336960
29,0,0,0,0,60.58135435330456,0.3941864564669544,964,0,2026-02-06T00:46:49.753172
30,0,0,0,0,61.28524009999256,0.38714759900007434,982,0,2026-02-06T00:48:07.580580
31,0,0,0,0,61.36266961979258,0.3863733038020742,984,0,2026-02-06T00:48:19.764823
32,0,0,0,0,61.43994428055299,0.38560055719447006,986,0,2026-02-06T00:48:23.538190
33,0,0,0,0,63.32237676525554,0.36677623234744455,1000,0,2026-02-06T00:51:53.952828
34,0,0,0,0,65.04299828233668,0.3495700171766331,1000,0,2026-02-06T00:55:21.694993
35,0,0,0,0,66.3477225901638,0.336522774098362,1000,0,2026-02-06T00:58:30.427307
36,0,0,0,0,67.9905661752821,0.320094338247179,1000,0,2026-02-06T01:03:24.425259
37,0,0,0,0,68.05458504293154,0.31945414957068463,1000,0,2026-02-06T01:03:32.996164
38,0,0,0,0,69.30841200739283,0.3069158799260717,1000,0,2026-02-06T01:08:27.360668
39,0,0,0,0,69.36979518337805,0.3063020481662196,1000,0,2026-02-06T01:08:38.225999
40,0,0,0,0,69.43105559301128,0.30568944406988713,1000,0,2026-02-06T01:08:53.010209
41,0,0,0,0,69.55320909486161,0.3044679090513839,1000,0,2026-02-06T01:09:19.944699
42,0,0,0,0,69.61410267667189,0.3038589732332811,1000,0,2026-02-06T01:09:42.400977
43,0,0,0,0,71.09748746777377,0.2890251253222622,1000,0,2026-02-06T01:15:52.371280
44,0,0,0,0,72.12047684968914,0.2787952315031086,1000,0,2026-02-06T01:18:57.197729
45,0,0,0,0,72.6183122940078,0.2738168770599221,1000,0,2026-02-06T01:20:32.815301
46,0,0,0,0,72.67307566941979,0.2732692433058022,1000,0,2026-02-06T01:20:48.845459
47,0,0,0,0,72.72772951808093,0.2727227048191906,1000,0,2026-02-06T01:21:04.545868
48,0,0,0,0,74.05911265352769,0.259408873464723,1000,0,2026-02-06T01:26:35.310136
49,0,0,0,0,74.11099442822065,0.25889005571779355,1000,0,2026-02-06T01:26:45.961262
50,0,0,0,0,74.1627724393642,0.25837227560635795,1000,0,2026-02-06T01:26:58.509670
51,0,0,0,0,74.21444689448548,0.25785553105514525,1000,0,2026-02-06T01:27:07.051827
52,0,0,0,0,74.2660180006965,0.25733981999303496,1000,0,2026-02-06T01:27:21.104744
53,0,0,0,0,74.31748596469512,0.2568251403530489,1000,0,2026-02-06T01:27:33.102449
54,0,0,0,0,74.36885099276573,0.2563114900723428,1000,0,2026-02-06T01:27:45.461026
55,0,0,0,0,74.47127306419863,0.25528726935801366,1000,0,2026-02-06T01:28:15.859985
56,0,0,0,0,75.07726765576419,0.24922732344235804,1000,0,2026-02-06T01:31:05.469741
57,0,0,0,0,76.19884113936158,0.23801158860638427,1000,0,2026-02-06T01:35:59.714306
58,0,0,0,0,76.29395057016868,0.23706049429831316,1000,0,2026-02-06T01:36:30.014569
59,0,0,0,0,77.4512372155864,0.22548762784413606,1000,0,2026-02-06T01:41:47.644622
60,0,0,0,0,77.54134207167291,0.2245865792832709,1000,0,2026-02-06T01:42:10.914282
61,0,0,0,0,77.58625938752957,0.22413740612470434,1000,0,2026-02-06T01:42:23.035486
62,0,0,0,0,78.68045784355857,0.21319542156441434,1000,0,2026-02-06T01:48:26.578407
63,0,0,0,0,79.22816277856582,0.2077183722143419,1000,0,2026-02-06T01:50:47.739270
64,0,0,0,0,79.26970645300868,0.2073029354699132,1000,0,2026-02-06T01:50:57.862245
65,0,0,0,0,80.28172205470283,0.19718277945297175,1000,0,2026-02-06T01:55:03.085640
66,0,0,0,0,80.32115861059343,0.1967884138940658,1000,0,2026-02-06T01:55:10.923394
67,0,0,0,0,80.36051629337223,0.19639483706627767,1000,0,2026-02-06T01:55:19.507941
68,0,0,0,0,80.3997952607855,0.1960020473921451,1000,0,2026-02-06T01:55:28.548463
69,0,0,0,0,81.35664196184744,0.18643358038152555,1000,0,2026-02-06T01:59:30.215703
70,0,0,0,0,81.39392867792374,0.1860607132207625,1000,0,2026-02-06T01:59:42.101859
71,0,0,0,0,82.30224357570812,0.17697756424291883,1000,0,2026-02-06T02:03:52.746833
72,0,0,0,0,83.03086985098618,0.1696913014901382,1000,0,2026-02-06T02:07:14.166274
73,0,0,0,0,83.56581236320831,0.164341876367917,1000,0,2026-02-06T02:09:47.161092
74,0,0,0,0,83.92377057653528,0.16076229423464727,1000,0,2026-02-06T02:11:50.630147
75,0,0,0,0,83.9559230353822,0.16044076964617798,1000,0,2026-02-06T02:12:03.353176
76,0,0,0,0,84.02003516693281,0.15979964833067187,1000,0,2026-02-06T02:12:28.014759
77,0,0,0,0,84.8001482747829,0.1519985172521711,1000,0,2026-02-06T02:17:32.760914
78,0,0,0,0,84.83054797823333,0.15169452021766675,1000,0,2026-02-06T02:17:40.992849
79,0,0,0,0,85.57109331013515,0.14428906689864854,1000,0,2026-02-06T02:21:46.167808
80,0,0,0,0,85.59995112351487,0.14400048876485125,1000,0,2026-02-06T02:21:57.551318
81,0,0,0,0,85.62875122126785,0.14371248778732154,1000,0,2026-02-06T02:22:05.899186
82,0,0,0,0,86.27548655244172,0.13724513447558281,1000,0,2026-02-06T02:25:49.096286
83,0,0,0,0,86.30293557933683,0.13697064420663166,1000,0,2026-02-06T02:25:58.656201
84,0,0,0,0,86.97160159989748,0.13028398400102514,1000,0,2026-02-06T02:30:09.603760
85,0,0,0,0,86.99765839669769,0.1300234160330231,1000,0,2026-02-06T02:30:19.387217
86,0,0,0,0,87.28086649144802,0.12719133508551986,1000,0,2026-02-06T02:32:06.082166
87,0,0,0,0,87.3570287646503,0.1264297123534971,1000,0,2026-02-06T02:32:37.190020
88,0,0,0,0,87.38231470712098,0.1261768529287901,1000,0,2026-02-06T02:32:45.978414
89,0,0,0,0,87.99828738231321,0.1200171261768679,1000,0,2026-02-06T02:36:39.999645
90,0,0,0,0,88.02229080754859,0.11977709192451416,1000,0,2026-02-06T02:36:51.168176
91,0,0,0,0,88.04624622593349,0.11953753774066514,1000,0,2026-02-06T02:37:00.623157
92,0,0,0,0,88.07015373348162,0.1192984626651838,1000,0,2026-02-06T02:37:10.739235
93,0,0,0,0,88.65254734600629,0.11347452653993707,1000,0,2026-02-06T02:41:24.370965
94,0,0,0,0,89.20650955109018,0.10793490448909832,1000,0,2026-02-06T02:45:21.085195
95,0,0,0,0,89.73342831884776,0.10266571681152252,1000,0,2026-02-06T02:49:28.717904
96,0,0,0,0,90.23462386119188,0.09765376138808121,1000,0,2026-02-06T02:53:29.009256
97,0,0,0,0,90.35122401240761,0.09648775987592385,1000,0,2026-02-06T02:54:28.796323
98,0,0,0,0,90.65539637842434,0.09344603621575669,1000,0,2026-02-06T02:57:09.958507
99,0,0,0,0,91.00417147048032,0.0899582852951969,1000,0,2026-02-06T03:00:12.545426
100,0,0,0,0,91.02216312753934,0.0897783687246065,1000,0,2026-02-06T03:00:22.952154
101,0,0,0,0,91.27030062759205,0.08729699372407955,1000,0,2026-02-06T03:02:26.577740
102,0,0,0,0,91.56240860865469,0.08437591391345312,1000,0,2026-02-06T03:05:10.924379
103,0,0,0,0,91.57928379143738,0.0842071620856262,1000,0,2026-02-06T03:05:20.727590
104,0,0,0,0,91.59612522385451,0.08403874776145495,1000,0,2026-02-06T03:05:30.741847
105,0,0,0,0,91.92596926608867,0.08074030733911326,1000,0,2026-02-06T03:08:58.830810
106,0,0,0,0,91.95823309290138,0.08041766907098616,1000,0,2026-02-06T03:09:20.143014
107,0,0,0,0,92.3508176724069,0.07649182327593096,1000,0,2026-02-06T03:13:17.494012
108,0,0,0,0,92.36611603706208,0.0763388396293791,1000,0,2026-02-06T03:13:27.964784
109,0,0,0,0,92.66573867677936,0.07334261323220645,1000,0,2026-02-06T03:16:40.831647
110,0,0,0,0,93.0237841076931,0.0697621589230689,1000,0,2026-02-06T03:20:41.798649
111,0,0,0,0,93.14835609264726,0.0685164390735274,1000,0,2026-02-06T03:22:00.997812
112,0,0,0,0,93.16205938046195,0.06837940619538035,1000,0,2026-02-06T03:22:10.121926
113,0,0,0,0,93.49587532835216,0.06504124671647851,1000,0,2026-02-06T03:26:19.457663
114,0,0,0,0,93.58638854479977,0.06413611455200233,1000,0,2026-02-06T03:27:21.728605
115,0,0,0,0,93.65026862746959,0.06349731372530407,1000,0,2026-02-06T03:28:11.791948
116,0,0,0,0,93.96025107904468,0.06039748920955321,1000,0,2026-02-06T03:32:18.502691
117,0,0,0,0,93.97233057688659,0.060276694231134104,1000,0,2026-02-06T03:32:25.544978
118,0,0,0,0,94.26659054403167,0.0573340945596833,1000,0,2026-02-06T03:36:36.561704
119,0,0,0,0,94.2780573629436,0.05721942637056394,1000,0,2026-02-06T03:36:46.335074
120,0,0,0,0,94.39147173989532,0.05608528260104667,1000,0,2026-02-06T03:38:22.732370
121,0,0,0,0,94.66526999021447,0.053347300097855245,1000,0,2026-02-06T03:42:28.038324
122,0,0,0,0,94.9257019029846,0.05074298097015408,1000,0,2026-02-06T03:46:27.135412
123,0,0,0,0,95.15405560493322,0.048459443950667785,1000,0,2026-02-06T03:50:10.576480
124,0,0,0,0,95.39062588415446,0.046093741158455444,1000,0,2026-02-06T03:54:13.526616
125,0,0,0,0,95.39984463238615,0.046001553676138535,1000,0,2026-02-06T03:54:22.584194
126,0,0,0,0,95.49102411250192,0.04508975887498081,1000,0,2026-02-06T03:56:06.601231
127,0,0,0,0,95.65061696627475,0.0434938303372525,1000,0,2026-02-06T03:59:03.598946
128,0,0,0,0,95.6593157323422,0.043406842676577996,1000,0,2026-02-06T03:59:12.771846
129,0,0,0,0,95.66799710087751,0.04332002899122484,1000,0,2026-02-06T03:59:21.057330
130,0,0,0,0,95.87947768172691,0.04120522318273086,1000,0,2026-02-06T04:03:25.657909
131,0,0,0,0,96.07277972087644,0.03927220279123571,1000,0,2026-02-06T04:07:24.106427
132,0,0,0,0,96.10410335543094,0.038958966445690676,1000,0,2026-02-06T04:08:06.836199
133,0,0,0,0,96.15831974180873,0.0384168025819127,1000,0,2026-02-06T04:09:14.087835
134,0,0,0,0,96.34586365425729,0.036541363457427055,1000,0,2026-02-06T04:13:16.343194
135,0,0,0,0,96.46813617991337,0.03531863820086637,1000,0,2026-02-06T04:15:56.476744
136,0,0,0,0,96.47519990755353,0.03524800092446464,1000,0,2026-02-06T04:16:06.204893
137,0,0,0,0,96.64727430092007,0.033527256990799274,1000,0,2026-02-06T04:20:08.623802
138,0,0,0,0,96.65397975231824,0.03346020247681768,1000,0,2026-02-06T04:20:17.525621
139,0,0,0,0,96.81732643559421,0.031826735644057864,1000,0,2026-02-06T04:24:21.730345
140,0,0,0,0,96.82369178272302,0.03176308217276975,1000,0,2026-02-06T04:24:34.091592
141,0,0,0,0,96.83004439915757,0.03169955600842421,1000,0,2026-02-06T04:24:40.108176
142,0,0,0,0,96.88664925019852,0.031133507498014808,1000,0,2026-02-06T04:25:42.169447
143,0,0,0,0,97.03863742755854,0.02961362572441466,1000,0,2026-02-06T04:28:50.573924
144,0,0,0,0,97.05047103239801,0.0294952896760199,1000,0,2026-02-06T04:29:09.821207
145,0,0,0,0,97.07984857664178,0.02920151423358225,1000,0,2026-02-06T04:29:47.596486
146,0,0,0,0,97.0856888794885,0.029143111205115084,1000,0,2026-02-06T04:29:57.397746
147,0,0,0,0,97.16055833827602,0.02839441661723981,1000,0,2026-02-06T04:31:27.453210
148,0,0,0,0,97.29917476718722,0.027008252328127716,1000,0,2026-02-06T04:34:33.560756
149,0,0,0,0,97.32071663562733,0.02679283364372663,1000,0,2026-02-06T04:35:07.815220
150,0,0,0,0,97.45151442486069,0.02548485575139319,1000,0,2026-02-06T04:39:15.770563
151,0,0,0,0,97.57592690155269,0.02424073098447315,1000,0,2026-02-06T04:43:11.497598
152,0,0,0,0,97.58077504774958,0.024192249522504206,1000,0,2026-02-06T04:43:23.865783
153,0,0,0,0,97.69887725359318,0.023011227464068116,1000,0,2026-02-06T04:47:27.475326
154,0,0,0,0,97.81121392241546,0.021887860775845324,1000,0,2026-02-06T04:51:37.413512
155,0,0,0,0,97.86317078373666,0.021368292162633317,1000,0,2026-02-06T04:53:36.440981
156,0,0,0,0,97.93467208539789,0.020653279146021067,1000,0,2026-02-06T04:56:29.672906
157,0,0,0,0,97.9388027412271,0.020611972587729024,1000,0,2026-02-06T04:56:41.991308
158,0,0,0,0,98.03942667977958,0.0196057332022042,1000,0,2026-02-06T05:00:34.586896
159,0,0,0,0,98.04334782642002,0.019566521735799793,1000,0,2026-02-06T05:00:44.940914
160,0,0,0,0,98.04726113076718,0.019527388692328194,1000,0,2026-02-06T05:00:56.617918
161,0,0,0,0,98.14259032604454,0.01857409673955457,1000,0,2026-02-06T05:04:54.770787
162,0,0,0,0,98.19753922478343,0.018024607752165717,1000,0,2026-02-06T05:07:14.156835
163,0,0,0,0,98.21549187815731,0.017845081218426918,1000,0,2026-02-06T05:08:02.301708
164,0,0,0,0,98.30260835128206,0.01697391648717939,1000,0,2026-02-06T05:12:00.105835
165,0,0,0,0,98.38547195506047,0.016145280449395345,1000,0,2026-02-06T05:16:03.068157
166,0,0,0,0,98.46429030691583,0.015357096930841795,1000,0,2026-02-06T05:20:09.651724
167,0,0,0,0,98.53926088876268,0.01460739111237321,1000,0,2026-02-06T05:24:10.365718
168,0,0,0,0,98.55091179063419,0.014490882093658123,1000,0,2026-02-06T05:24:47.670945
169,0,0,0,0,98.62165366762619,0.013783463323738157,1000,0,2026-02-06T05:29:07.455644
170,0,0,0,0,98.62716153957035,0.013728384604296498,1000,0,2026-02-06T05:29:26.508847
171,0,0,0,0,98.69418104112306,0.013058189588769462,1000,0,2026-02-06T05:33:24.525509
172,0,0,0,0,98.69679267904081,0.013032073209591922,1000,0,2026-02-06T05:33:34.032840
173,0,0,0,0,98.76041291375013,0.0123958708624987,1000,0,2026-02-06T05:37:35.025578
174,0,0,0,0,98.78010802732537,0.012198919726746358,1000,0,2026-02-06T05:38:57.952388
175,0,0,0,0,98.78254781127072,0.012174521887292865,1000,0,2026-02-06T05:39:07.987314
176,0,0,0,0,98.84198163484479,0.011580183651552086,1000,0,2026-02-06T05:43:05.134555
177,0,0,0,0,98.89851400617513,0.011014859938248708,1000,0,2026-02-06T05:47:10.872899
178,0,0,0,0,98.95228656893559,0.010477134310644103,1000,0,2026-02-06T05:51:07.330312
179,0,0,0,0,98.95438199579772,0.010456180042022815,1000,0,2026-02-06T05:51:17.370999
180,0,0,0,0,98.98734452935606,0.010126554706439448,1000,0,2026-02-06T05:53:18.344438
181,0,0,0,0,99.0,0.01,1000,0,2026-02-06T05:56:09.954026
182,0,0,0,0,99.0,0.01,1000,0,2026-02-06T05:56:52.053894
183,0,0,0,0,99.0,0.01,1000,0,2026-02-06T05:59:13.410646
184,0,0,0,0,99.0,0.01,1000,0,2026-02-06T06:01:19.751684
185,0,0,0,0,99.0,0.01,1000,0,2026-02-06T06:01:29.963306
186,0,0,0,0,99.0,0.01,1000,0,2026-02-06T06:01:39.005440
187,0,0,0,0,99.0,0.01,1000,0,2026-02-06T06:01:47.420424
188,0,0,0,0,99.0,0.01,1000,0,2026-02-06T06:01:53.551987
189,0,0,0,0,99.0,0.01,1000,0,2026-02-06T06:02:25.015997
190,0,0,0,0,99.0,0.01,1000,0,2026-02-06T06:04:37.302861
191,0,0,0,0,99.0,0.01,1000,0,2026-02-06T06:05:47.295346
192,0,0,0,0,99.0,0.01,1000,0,2026-02-06T06:06:03.259555
193,0,0,0,0,99.0,0.01,1000,0,2026-02-06T06:08:34.643941
194,0,0,0,0,99.0,0.01,1000,0,2026-02-06T06:08:41.962160
195,0,0,0,0,99.0,0.01,1000,0,2026-02-06T06:08:47.333900
196,0,0,0,0,99.0,0.01,1000,0,2026-02-06T06:09:32.221300
197,0,0,0,0,99.0,0.01,1000,0,2026-02-06T06:09:38.271581
198,0,0,0,0,99.0,0.01,1000,0,2026-02-06T06:09:44.767485
199,0,0,0,0,99.0,0.01,1000,0,2026-02-06T06:12:48.731198
200,0,0,0,0,99.0,0.01,1000,0,2026-02-06T06:13:02.117174
201,0,0,0,0,99.0,0.01,1000,0,2026-02-06T06:13:13.105555
202,0,0,0,0,99.0,0.01,1000,0,2026-02-06T06:17:36.392808
203,0,0,0,0,99.0,0.01,1000,0,2026-02-06T06:21:39.859877
204,0,0,0,0,99.0,0.01,1000,0,2026-02-06T06:21:48.979053
205,0,0,0,0,99.0,0.01,1000,0,2026-02-06T06:23:29.208639
206,0,0,0,0,99.0,0.01,1000,0,2026-02-06T06:27:40.780796
207,0,0,0,0,99.0,0.01,1000,0,2026-02-06T06:29:03.824136
208,0,0,0,0,99.0,0.01,1000,0,2026-02-06T06:30:54.919542
209,0,0,0,0,99.0,0.01,1000,0,2026-02-06T06:31:04.833348
210,0,0,0,0,99.0,0.01,1000,0,2026-02-06T06:34:57.653885
211,0,0,0,0,99.0,0.01,1000,0,2026-02-06T06:35:06.052458
212,0,0,0,0,99.0,0.01,1000,0,2026-02-06T06:37:44.574031
213,0,0,0,0,99.0,0.01,1000,0,2026-02-06T06:37:51.300044
214,0,0,0,0,99.0,0.01,1000,0,2026-02-06T06:38:15.568010
215,0,0,0,0,99.0,0.01,1000,0,2026-02-06T06:39:50.035853
216,0,0,0,0,99.0,0.01,1000,0,2026-02-06T06:42:47.092053
217,0,0,0,0,99.0,0.01,1000,0,2026-02-06T06:44:14.955552
218,0,0,0,0,99.0,0.01,1000,0,2026-02-06T06:44:22.181337
219,0,0,0,0,99.0,0.01,1000,0,2026-02-06T06:45:52.912201
220,0,0,0,0,99.0,0.01,1000,0,2026-02-06T06:47:51.023011
221,0,0,0,0,99.0,0.01,1000,0,2026-02-06T06:48:00.810308
222,0,0,0,0,99.0,0.01,1000,0,2026-02-06T06:49:19.655603
223,0,0,0,0,99.0,0.01,1000,0,2026-02-06T06:49:26.688012
224,0,0,0,0,99.0,0.01,1000,0,2026-02-06T06:52:30.432116
225,0,0,0,0,99.0,0.01,1000,0,2026-02-06T06:55:06.349664
226,0,0,0,0,99.0,0.01,1000,0,2026-02-06T06:55:21.921503
227,0,0,0,0,99.0,0.01,1000,0,2026-02-06T06:55:39.961233
228,0,0,0,0,99.0,0.01,1000,0,2026-02-06T07:02:14.826796
229,0,0,0,0,99.0,0.01,1000,0,2026-02-06T07:03:15.496793
230,0,0,0,0,99.0,0.01,1000,0,2026-02-06T07:03:28.213456
231,0,0,0,0,99.0,0.01,1000,0,2026-02-06T07:06:04.998277
232,0,0,0,0,99.0,0.01,1000,0,2026-02-06T07:06:21.407491
233,0,0,0,0,99.0,0.01,1000,0,2026-02-06T07:08:22.021458
234,0,0,0,0,99.0,0.01,1000,0,2026-02-06T07:11:29.757314
235,0,0,0,0,99.0,0.01,1000,0,2026-02-06T07:14:01.467451
236,0,0,0,0,99.0,0.01,1000,0,2026-02-06T07:16:28.647933
237,0,0,0,0,99.0,0.01,1000,0,2026-02-06T07:16:44.497194
238,0,0,0,0,99.0,0.01,1000,0,2026-02-06T07:17:51.633847
239,0,0,0,0,99.0,0.01,1000,0,2026-02-06T07:18:25.808382
240,0,0,0,0,99.0,0.01,1000,0,2026-02-06T07:21:04.592555
241,0,0,0,0,99.0,0.01,1000,0,2026-02-06T07:21:16.833854
242,0,0,0,0,99.0,0.01,1000,0,2026-02-06T07:21:26.663909
243,0,0,0,0,99.0,0.01,1000,0,2026-02-06T07:25:47.101969
244,0,0,0,0,99.0,0.01,1000,0,2026-02-06T07:29:54.522245
245,0,0,0,0,99.0,0.01,1000,0,2026-02-06T07:32:02.028021
246,0,0,0,0,99.0,0.01,1000,0,2026-02-06T07:33:25.225460
247,0,0,0,0,99.0,0.01,1000,0,2026-02-06T07:33:36.929553
248,0,0,0,0,99.0,0.01,1000,0,2026-02-06T07:36:46.889653
249,0,0,0,0,99.0,0.01,1000,0,2026-02-06T07:37:01.057894
250,0,0,0,0,99.0,0.01,1000,0,2026-02-06T07:37:16.293664
251,0,0,0,0,99.0,0.01,1000,0,2026-02-06T07:37:25.978276
252,0,0,0,0,99.0,0.01,1000,0,2026-02-06T07:37:36.092997
253,0,0,0,0,99.0,0.01,1000,0,2026-02-06T07:41:31.952349
254,0,0,0,0,99.0,0.01,1000,0,2026-02-06T07:41:41.190805
255,0,0,0,0,99.0,0.01,1000,0,2026-02-06T07:41:51.468568
256,0,0,0,0,99.0,0.01,1000,0,2026-02-06T07:43:11.465572
257,0,0,0,0,99.0,0.01,1000,0,2026-02-06T07:45:43.360935
258,0,0,0,0,99.0,0.01,1000,0,2026-02-06T07:47:32.766901
259,0,0,0,0,99.0,0.01,1000,0,2026-02-06T07:51:30.087854
260,0,0,0,0,99.0,0.01,1000,0,2026-02-06T07:52:12.615060
261,0,0,0,0,99.0,0.01,1000,0,2026-02-06T07:52:22.931542
262,0,0,0,0,99.0,0.01,1000,0,2026-02-06T07:52:34.081121
263,0,0,0,0,99.0,0.01,1000,0,2026-02-06T07:57:01.637166
264,0,0,0,0,99.0,0.01,1000,0,2026-02-06T07:57:13.063964
265,0,0,0,0,99.0,0.01,1000,0,2026-02-06T07:58:21.242823
266,0,0,0,0,99.0,0.01,1000,0,2026-02-06T08:00:06.112183
267,0,0,0,0,99.0,0.01,1000,0,2026-02-06T08:02:55.625833
268,0,0,0,0,99.0,0.01,1000,0,2026-02-06T08:07:22.013398
269,0,0,0,0,99.0,0.01,1000,0,2026-02-06T08:11:53.405048
270,0,0,0,0,99.0,0.01,1000,0,2026-02-06T08:12:55.998635
271,0,0,0,0,99.0,0.01,1000,0,2026-02-06T08:16:20.074318
272,0,0,0,0,99.0,0.01,1000,0,2026-02-06T08:16:29.955509
273,0,0,0,0,99.0,0.01,1000,0,2026-02-06T08:16:39.223779
274,0,0,0,0,99.0,0.01,1000,0,2026-02-06T08:18:12.187760
275,0,0,0,0,99.0,0.01,1000,0,2026-02-06T08:18:21.607193
276,0,0,0,0,99.0,0.01,1000,0,2026-02-06T08:21:58.611044
277,0,0,0,0,99.0,0.01,1000,0,2026-02-06T08:24:54.432611
278,0,0,0,0,99.0,0.01,1000,0,2026-02-06T08:27:13.881777
279,0,0,0,0,99.0,0.01,1000,0,2026-02-06T08:28:47.036494
280,0,0,0,0,99.0,0.01,1000,0,2026-02-06T08:33:09.402966
281,0,0,0,0,99.0,0.01,1000,0,2026-02-06T08:35:11.692340
282,0,0,0,0,99.0,0.01,1000,0,2026-02-06T08:36:22.021449
283,0,0,0,0,99.0,0.01,1000,0,2026-02-06T08:39:34.656945
284,0,0,0,0,99.0,0.01,1000,0,2026-02-06T08:40:50.322634
285,0,0,0,0,99.0,0.01,1000,0,2026-02-06T08:42:37.997690
286,0,0,0,0,99.0,0.01,1000,0,2026-02-06T08:42:47.855404
287,0,0,0,0,99.0,0.01,1000,0,2026-02-06T08:43:00.796023
288,0,0,0,0,99.0,0.01,1000,0,2026-02-06T08:43:10.409313
289,0,0,0,0,99.0,0.01,1000,0,2026-02-06T08:46:15.193622
290,0,0,0,0,99.0,0.01,1000,0,2026-02-06T08:50:33.074342
291,0,0,0,0,99.0,0.01,1000,0,2026-02-06T08:54:01.065543
292,0,0,0,0,99.0,0.01,1000,0,2026-02-06T08:55:26.475287
293,0,0,0,0,99.0,0.01,1000,0,2026-02-06T08:56:28.813680
294,0,0,0,0,99.0,0.01,1000,0,2026-02-06T08:56:38.976471
295,0,0,0,0,99.0,0.01,1000,0,2026-02-06T08:59:20.732391
296,0,0,0,0,99.0,0.01,1000,0,2026-02-06T09:00:32.273881
297,0,0,0,0,99.0,0.01,1000,0,2026-02-06T09:02:12.873136
298,0,0,0,0,99.0,0.01,1000,0,2026-02-06T09:02:23.336068
299,0,0,0,0,99.0,0.01,1000,0,2026-02-06T09:02:33.509622
300,0,0,0,0,99.0,0.01,1000,0,2026-02-06T09:03:27.470598
301,0,0,0,0,99.0,0.01,1000,0,2026-02-06T09:04:46.799186
302,0,0,0,0,99.0,0.01,1000,0,2026-02-06T09:09:02.211782
303,0,0,0,0,99.0,0.01,1000,0,2026-02-06T09:10:39.445981
304,0,0,0,0,99.0,0.01,1000,0,2026-02-06T09:10:49.910705
305,0,0,0,0,99.0,0.01,1000,0,2026-02-06T09:14:58.173580
306,0,0,0,0,99.0,0.01,1000,0,2026-02-06T09:18:49.164666
307,0,0,0,0,99.0,0.01,1000,0,2026-02-06T09:22:52.765396
308,0,0,0,0,99.0,0.01,1000,0,2026-02-06T09:26:56.554397
309,0,0,0,0,99.0,0.01,1000,0,2026-02-06T09:27:56.906869
310,0,0,0,0,99.0,0.01,1000,0,2026-02-06T09:28:10.756705
311,0,0,0,0,99.0,0.01,1000,0,2026-02-06T09:28:20.364776
312,0,0,0,0,99.0,0.01,1000,0,2026-02-06T09:28:29.474751
313,0,0,0,0,99.0,0.01,1000,0,2026-02-06T09:32:28.074981
314,0,0,0,0,99.0,0.01,1000,0,2026-02-06T09:33:25.388255
315,0,0,0,0,99.0,0.01,1000,0,2026-02-06T09:34:56.106277
316,0,0,0,0,99.0,0.01,1000,0,2026-02-06T09:35:06.426061
317,0,0,0,0,99.0,0.01,1000,0,2026-02-06T09:35:16.408895
318,0,0,0,0,99.0,0.01,1000,0,2026-02-06T09:37:13.682877
319,0,0,0,0,99.0,0.01,1000,0,2026-02-06T09:38:15.975249
320,0,0,0,0,99.0,0.01,1000,0,2026-02-06T09:38:27.851836
321,0,0,0,0,99.0,0.01,1000,0,2026-02-06T09:38:37.205862
322,0,0,0,0,99.0,0.01,1000,0,2026-02-06T09:38:46.943476
323,0,0,0,0,99.0,0.01,1000,0,2026-02-06T09:40:05.066559
324,0,0,0,0,99.0,0.01,1000,0,2026-02-06T09:42:53.723244
325,0,0,0,0,99.0,0.01,1000,0,2026-02-06T09:43:04.034080
326,0,0,0,0,99.0,0.01,1000,0,2026-02-06T09:43:12.669785
327,0,0,0,0,99.0,0.01,1000,0,2026-02-06T09:44:32.640888
328,0,0,0,0,99.0,0.01,1000,0,2026-02-06T09:44:43.538562
329,0,0,0,0,99.0,0.01,1000,0,2026-02-06T09:46:11.590029
330,0,0,0,0,99.0,0.01,1000,0,2026-02-06T09:46:23.678836
331,0,0,0,0,99.0,0.01,1000,0,2026-02-06T09:47:13.568183
332,0,0,0,0,99.0,0.01,1000,0,2026-02-06T09:51:29.133652
333,0,0,0,0,99.0,0.01,1000,0,2026-02-06T09:51:38.985186
334,0,0,0,0,99.0,0.01,1000,0,2026-02-06T09:53:23.369590
335,0,0,0,0,99.0,0.01,1000,0,2026-02-06T09:55:35.785626
336,0,0,0,0,99.0,0.01,1000,0,2026-02-06T09:55:46.184686
337,0,0,0,0,99.0,0.01,1000,0,2026-02-06T09:56:47.772652
338,0,0,0,0,99.0,0.01,1000,0,2026-02-06T10:00:57.537988
339,0,0,0,0,99.0,0.01,1000,0,2026-02-06T10:04:29.320551
340,0,0,0,0,99.0,0.01,1000,0,2026-02-06T10:05:36.517991
341,0,0,0,0,99.0,0.01,1000,0,2026-02-06T10:06:39.353476
342,0,0,0,0,99.0,0.01,1000,0,2026-02-06T10:07:30.417714
343,0,0,0,0,99.0,0.01,1000,0,2026-02-06T10:11:39.876858
344,0,0,0,0,99.0,0.01,1000,0,2026-02-06T10:13:05.014235
345,0,0,0,0,99.0,0.01,1000,0,2026-02-06T10:14:05.388784
346,0,0,0,0,99.0,0.01,1000,0,2026-02-06T10:15:20.308013
347,0,0,0,0,99.0,0.01,1000,0,2026-02-06T10:18:14.659140
348,0,0,0,0,99.0,0.01,1000,0,2026-02-06T10:20:45.709321
349,0,0,0,0,99.0,0.01,1000,0,2026-02-06T10:22:45.086930
350,0,0,0,0,99.0,0.01,1000,0,2026-02-06T10:22:57.031299
351,0,0,0,0,99.0,0.01,1000,0,2026-02-06T10:23:05.483031
352,0,0,0,0,99.0,0.01,1000,0,2026-02-06T10:23:16.596310
353,0,0,0,0,99.0,0.01,1000,0,2026-02-06T10:23:26.327543
354,0,0,0,0,99.0,0.01,1000,0,2026-02-06T10:23:36.996434
355,0,0,0,0,99.0,0.01,1000,0,2026-02-06T10:27:32.823563
356,0,0,0,0,99.0,0.01,1000,0,2026-02-06T10:31:36.376017
357,0,0,0,0,99.0,0.01,1000,0,2026-02-06T10:31:46.700967
358,0,0,0,0,99.0,0.01,1000,0,2026-02-06T10:31:57.737970
359,0,0,0,0,99.0,0.01,1000,0,2026-02-06T10:32:09.531025
360,0,0,0,0,99.0,0.01,1000,0,2026-02-06T10:33:25.033120
361,0,0,0,0,99.0,0.01,1000,0,2026-02-06T10:37:46.625663
362,0,0,0,0,99.0,0.01,1000,0,2026-02-06T10:41:58.316962
363,0,0,0,0,99.0,0.01,1000,0,2026-02-06T10:42:14.604921
364,0,0,0,0,99.0,0.01,1000,0,2026-02-06T10:42:24.991662
365,0,0,0,0,99.0,0.01,1000,0,2026-02-06T10:42:33.520713
366,0,0,0,0,99.0,0.01,1000,0,2026-02-06T10:43:35.845702
367,0,0,0,0,99.0,0.01,1000,0,2026-02-06T10:47:42.069694
368,0,0,0,0,99.0,0.01,1000,0,2026-02-06T10:47:53.185646
369,0,0,0,0,99.0,0.01,1000,0,2026-02-06T10:49:48.421599
370,0,0,0,0,99.0,0.01,1000,0,2026-02-06T10:53:32.866794
371,0,0,0,0,99.0,0.01,1000,0,2026-02-06T10:53:45.264307
372,0,0,0,0,99.0,0.01,1000,0,2026-02-06T10:53:55.963956
373,0,0,0,0,99.0,0.01,1000,0,2026-02-06T10:54:56.911480
374,0,0,0,0,99.0,0.01,1000,0,2026-02-06T10:59:05.088163
375,0,0,0,0,99.0,0.01,1000,0,2026-02-06T11:03:24.318227
376,0,0,0,0,99.0,0.01,1000,0,2026-02-06T11:06:38.014056
377,0,0,0,0,99.0,0.01,1000,0,2026-02-06T11:07:27.726682
378,0,0,0,0,99.0,0.01,1000,0,2026-02-06T11:10:31.715661
379,0,0,0,0,99.0,0.01,1000,0,2026-02-06T11:11:37.913432
380,0,0,0,0,99.0,0.01,1000,0,2026-02-06T11:12:23.210862
381,0,0,0,0,99.0,0.01,1000,0,2026-02-06T11:16:30.233862
382,0,0,0,0,99.0,0.01,1000,0,2026-02-06T11:20:42.848990
383,0,0,0,0,99.0,0.01,1000,0,2026-02-06T11:20:53.209488
384,0,0,0,0,99.0,0.01,1000,0,2026-02-06T11:22:51.191330
385,0,0,0,0,99.0,0.01,1000,0,2026-02-06T11:25:20.181266
386,0,0,0,0,99.0,0.01,1000,0,2026-02-06T11:29:23.648432
387,0,0,0,0,99.0,0.01,1000,0,2026-02-06T11:33:31.649251
388,0,0,0,0,99.0,0.01,1000,0,2026-02-06T11:36:40.300125
389,0,0,0,0,99.0,0.01,1000,0,2026-02-06T11:38:39.916191
390,0,0,0,0,99.0,0.01,1000,0,2026-02-06T11:40:09.549709
391,0,0,0,0,99.0,0.01,1000,0,2026-02-06T11:44:17.243312
392,0,0,0,0,99.0,0.01,1000,0,2026-02-06T11:46:33.515162
393,0,0,0,0,99.0,0.01,1000,0,2026-02-06T11:48:41.759631
394,0,0,0,0,99.0,0.01,1000,0,2026-02-06T11:48:51.416818
395,0,0,0,0,99.0,0.01,1000,0,2026-02-06T11:52:31.454836
396,0,0,0,0,99.0,0.01,1000,0,2026-02-06T11:52:42.840823
397,0,0,0,0,99.0,0.01,1000,0,2026-02-06T11:52:52.634793
398,0,0,0,0,99.0,0.01,1000,0,2026-02-06T11:53:01.730750
399,0,0,0,0,99.0,0.01,1000,0,2026-02-06T11:53:35.125851
400,0,0,0,0,99.0,0.01,1000,0,2026-02-06T11:58:07.109701
401,0,0,0,0,99.0,0.01,1000,0,2026-02-06T11:58:16.466977
402,0,0,0,0,99.0,0.01,1000,0,2026-02-06T12:02:13.946252
403,0,0,0,0,99.0,0.01,1000,0,2026-02-06T12:03:50.991006
404,0,0,0,0,99.0,0.01,1000,0,2026-02-06T12:04:03.131792
405,0,0,0,0,99.0,0.01,1000,0,2026-02-06T12:04:51.596860
406,0,0,0,0,99.0,0.01,1000,0,2026-02-06T12:06:22.788692
407,0,0,0,0,99.0,0.01,1000,0,2026-02-06T12:10:35.467944
408,0,0,0,0,99.0,0.01,1000,0,2026-02-06T12:11:25.962857
409,0,0,0,0,99.0,0.01,1000,0,2026-02-06T12:11:36.869254
410,0,0,0,0,99.0,0.01,1000,0,2026-02-06T12:11:48.893979
411,0,0,0,0,99.0,0.01,1000,0,2026-02-06T12:11:59.424099
412,0,0,0,0,99.0,0.01,1000,0,2026-02-06T12:13:30.106584
413,0,0,0,0,99.0,0.01,1000,0,2026-02-06T12:15:30.176884
414,0,0,0,0,99.0,0.01,1000,0,2026-02-06T12:16:21.079994
415,0,0,0,0,99.0,0.01,1000,0,2026-02-06T12:16:31.582915
416,0,0,0,0,99.0,0.01,1000,0,2026-02-06T12:16:40.582284
417,0,0,0,0,99.0,0.01,1000,0,2026-02-06T12:17:40.767463
418,0,0,0,0,99.0,0.01,1000,0,2026-02-06T12:17:49.816691
419,0,0,0,0,99.0,0.01,1000,0,2026-02-06T12:20:27.980416
420,0,0,0,0,99.0,0.01,1000,0,2026-02-06T12:20:40.266798
421,0,0,0,0,99.0,0.01,1000,0,2026-02-06T12:24:36.335000
422,0,0,0,0,99.0,0.01,1000,0,2026-02-06T12:24:46.895819
423,0,0,0,0,99.0,0.01,1000,0,2026-02-06T12:27:52.227692
424,0,0,0,0,99.0,0.01,1000,0,2026-02-06T12:29:13.131903
425,0,0,0,0,99.0,0.01,1000,0,2026-02-06T12:33:17.787169
426,0,0,0,0,99.0,0.01,1000,0,2026-02-06T12:33:27.547938
427,0,0,0,0,99.0,0.01,1000,0,2026-02-06T12:36:09.790602
428,0,0,0,0,99.0,0.01,1000,0,2026-02-06T12:37:09.527901
429,0,0,0,0,99.0,0.01,1000,0,2026-02-06T12:41:21.868831
430,0,0,0,0,99.0,0.01,1000,0,2026-02-06T12:44:50.638086
431,0,0,0,0,99.0,0.01,1000,0,2026-02-06T12:45:01.483128
432,0,0,0,0,99.0,0.01,1000,0,2026-02-06T12:46:39.795132
433,0,0,0,0,99.0,0.01,1000,0,2026-02-06T12:49:21.096354
434,0,0,0,0,99.0,0.01,1000,0,2026-02-06T12:49:30.853114
435,0,0,0,0,99.0,0.01,1000,0,2026-02-06T12:49:40.859101
436,0,0,0,0,99.0,0.01,1000,0,2026-02-06T12:50:30.782550
437,0,0,0,0,99.0,0.01,1000,0,2026-02-06T12:51:53.129685
438,0,0,0,0,99.0,0.01,1000,0,2026-02-06T12:56:08.028534
439,0,0,0,0,99.0,0.01,1000,0,2026-02-06T12:56:14.365859
440,0,0,0,0,99.0,0.01,1000,0,2026-02-06T12:58:23.054893
441,0,0,0,0,99.0,0.01,1000,0,2026-02-06T13:02:33.700185
442,0,0,0,0,99.0,0.01,1000,0,2026-02-06T13:04:18.910503
443,0,0,0,0,99.0,0.01,1000,0,2026-02-06T13:04:30.316990
444,0,0,0,0,99.0,0.01,1000,0,2026-02-06T13:04:39.981321
445,0,0,0,0,99.0,0.01,1000,0,2026-02-06T13:07:18.774443
446,0,0,0,0,99.0,0.01,1000,0,2026-02-06T13:07:29.036211
447,0,0,0,0,99.0,0.01,1000,0,2026-02-06T13:11:50.830845
448,0,0,0,0,99.0,0.01,1000,0,2026-02-06T13:11:58.107975
449,0,0,0,0,99.0,0.01,1000,0,2026-02-06T13:12:07.309995
450,0,0,0,0,99.0,0.01,1000,0,2026-02-06T13:14:47.335332
451,0,0,0,0,99.0,0.01,1000,0,2026-02-06T13:16:02.018443
452,0,0,0,0,99.0,0.01,1000,0,2026-02-06T13:18:16.951020
453,0,0,0,0,99.0,0.01,1000,0,2026-02-06T13:22:25.571425
454,0,0,0,0,99.0,0.01,1000,0,2026-02-06T13:25:39.548168
455,0,0,0,0,99.0,0.01,1000,0,2026-02-06T13:29:43.216553
456,0,0,0,0,99.0,0.01,1000,0,2026-02-06T13:29:52.893348
457,0,0,0,0,99.0,0.01,1000,0,2026-02-06T13:30:52.968620
458,0,0,0,0,99.0,0.01,1000,0,2026-02-06T13:35:11.873994
459,0,0,0,0,99.0,0.01,1000,0,2026-02-06T13:39:16.912876
460,0,0,0,0,99.0,0.01,1000,0,2026-02-06T13:41:57.322598
461,0,0,0,0,99.0,0.01,1000,0,2026-02-06T13:45:38.288904
462,0,0,0,0,99.0,0.01,1000,0,2026-02-06T13:45:58.599753
463,0,0,0,0,99.0,0.01,1000,0,2026-02-06T13:50:03.380357
464,0,0,0,0,99.0,0.01,1000,0,2026-02-06T13:50:14.520587
465,0,0,0,0,99.0,0.01,1000,0,2026-02-06T13:54:26.502293
466,0,0,0,0,99.0,0.01,1000,0,2026-02-06T13:54:42.420799
467,0,0,0,0,99.0,0.01,1000,0,2026-02-06T13:54:52.604760
468,0,0,0,0,99.0,0.01,1000,0,2026-02-06T13:59:11.508406
469,0,0,0,0,99.0,0.01,1000,0,2026-02-06T14:00:01.372360
470,0,0,0,0,99.0,0.01,1000,0,2026-02-06T14:01:51.292134
471,0,0,0,0,99.0,0.01,1000,0,2026-02-06T14:06:01.049114
472,0,0,0,0,99.0,0.01,1000,0,2026-02-06T14:06:12.110717
473,0,0,0,0,99.0,0.01,1000,0,2026-02-06T14:06:24.774946
474,0,0,0,0,99.0,0.01,1000,0,2026-02-06T14:09:43.745945
475,0,0,0,0,99.0,0.01,1000,0,2026-02-06T14:09:56.113637
476,0,0,0,0,99.0,0.01,1000,0,2026-02-06T14:14:08.177639
477,0,0,0,0,99.0,0.01,1000,0,2026-02-06T14:18:13.347707
478,0,0,0,0,99.0,0.01,1000,0,2026-02-06T14:22:24.880917
479,0,0,0,0,99.0,0.01,1000,0,2026-02-06T14:22:33.635019
480,0,0,0,0,99.0,0.01,1000,0,2026-02-06T14:24:17.550650
481,0,0,0,0,99.0,0.01,1000,0,2026-02-06T14:24:29.626944
482,0,0,0,0,99.0,0.01,1000,0,2026-02-06T14:24:39.922593
483,0,0,0,0,99.0,0.01,1000,0,2026-02-06T14:27:11.403229
484,0,0,0,0,99.0,0.01,1000,0,2026-02-06T14:29:25.635686
485,0,0,0,0,99.0,0.01,1000,0,2026-02-06T14:30:42.478636
486,0,0,0,0,99.0,0.01,1000,0,2026-02-06T14:30:56.772722
487,0,0,0,0,99.0,0.01,1000,0,2026-02-06T14:35:01.573356
488,0,0,0,0,99.0,0.01,1000,0,2026-02-06T14:35:11.135415
489,0,0,0,0,99.0,0.01,1000,0,2026-02-06T14:35:20.993898
490,0,0,0,0,99.0,0.01,1000,0,2026-02-06T14:37:38.765026
491,0,0,0,0,99.0,0.01,1000,0,2026-02-06T14:38:34.271365
492,0,0,0,0,99.0,0.01,1000,0,2026-02-06T14:38:43.237010
493,0,0,0,0,99.0,0.01,1000,0,2026-02-06T14:38:54.215695
494,0,0,0,0,99.0,0.01,1000,0,2026-02-06T14:43:10.058197
495,0,0,0,0,99.0,0.01,1000,0,2026-02-06T14:45:44.031469
496,0,0,0,0,99.0,0.01,1000,0,2026-02-06T14:49:54.569901
497,0,0,0,0,99.0,0.01,1000,0,2026-02-06T14:50:04.774053
498,0,0,0,0,99.0,0.01,1000,0,2026-02-06T14:50:13.806148
499,0,0,0,0,99.0,0.01,1000,0,2026-02-06T14:50:23.041622
500,0,0,0,0,99.0,0.01,1000,0,2026-02-06T14:50:35.492553
501,0,0,0,0,99.0,0.01,1000,0,2026-02-06T14:50:45.794079
502,0,0,0,0,99.0,0.01,1000,0,2026-02-06T14:54:48.675887
503,0,0,0,0,99.0,0.01,1000,0,2026-02-06T14:56:42.943543
504,0,0,0,0,99.0,0.01,1000,0,2026-02-06T14:56:52.575968
505,0,0,0,0,99.0,0.01,1000,0,2026-02-06T14:57:02.969392
506,0,0,0,0,99.0,0.01,1000,0,2026-02-06T14:59:05.246560
507,0,0,0,0,99.0,0.01,1000,0,2026-02-06T15:01:22.177767
508,0,0,0,0,99.0,0.01,1000,0,2026-02-06T15:02:55.316663
509,0,0,0,0,99.0,0.01,1000,0,2026-02-06T15:06:12.677109
510,0,0,0,0,99.0,0.01,1000,0,2026-02-06T15:09:23.648683
511,0,0,0,0,99.0,0.01,1000,0,2026-02-06T15:10:50.633071
512,0,0,0,0,99.0,0.01,1000,0,2026-02-06T15:14:04.034625
513,0,0,0,0,99.0,0.01,1000,0,2026-02-06T15:14:51.933091
514,0,0,0,0,99.0,0.01,1000,0,2026-02-06T15:18:02.674372
515,0,0,0,0,99.0,0.01,1000,0,2026-02-06T15:19:53.581636
516,0,0,0,0,99.0,0.01,1000,0,2026-02-06T15:21:27.306371
517,0,0,0,0,99.0,0.01,1000,0,2026-02-06T15:24:44.019821
518,0,0,0,0,99.0,0.01,1000,0,2026-02-06T15:27:38.392828
519,0,0,0,0,99.0,0.01,1000,0,2026-02-06T15:30:53.931495
520,0,0,0,0,99.0,0.01,1000,0,2026-02-06T15:31:05.502825
521,0,0,0,0,99.0,0.01,1000,0,2026-02-06T15:35:23.605894
522,0,0,0,0,99.0,0.01,1000,0,2026-02-06T15:35:34.723725
523,0,0,0,0,99.0,0.01,1000,0,2026-02-06T15:40:01.125566
524,0,0,0,0,99.0,0.01,1000,0,2026-02-06T15:43:31.917969
525,0,0,0,0,99.0,0.01,1000,0,2026-02-06T15:47:54.962637
526,0,0,0,0,99.0,0.01,1000,0,2026-02-06T15:52:18.221854
527,0,0,0,0,99.0,0.01,1000,0,2026-02-06T15:56:24.694946
528,0,0,0,0,99.0,0.01,1000,0,2026-02-06T15:56:37.380339
529,0,0,0,0,99.0,0.01,1000,0,2026-02-06T15:59:40.466896
530,0,0,0,0,99.0,0.01,1000,0,2026-02-06T15:59:52.958146
531,0,0,0,0,99.0,0.01,1000,0,2026-02-06T16:00:02.784723
532,0,0,0,0,99.0,0.01,1000,0,2026-02-06T16:03:27.763962
533,0,0,0,0,99.0,0.01,1000,0,2026-02-06T16:04:20.155145
534,0,0,0,0,99.0,0.01,1000,0,2026-02-06T16:05:04.972128
535,0,0,0,0,99.0,0.01,1000,0,2026-02-06T16:05:15.729762
536,0,0,0,0,99.0,0.01,1000,0,2026-02-06T16:05:25.927030
537,0,0,0,0,99.0,0.01,1000,0,2026-02-06T16:09:37.706866
538,0,0,0,0,99.0,0.01,1000,0,2026-02-06T16:10:18.915241
539,0,0,0,0,99.0,0.01,1000,0,2026-02-06T16:14:48.288083
540,0,0,0,0,99.0,0.01,1000,0,2026-02-06T16:18:59.409645
541,0,0,0,0,99.0,0.01,1000,0,2026-02-06T16:20:13.082100
542,0,0,0,0,99.0,0.01,1000,0,2026-02-06T16:20:26.714956
543,0,0,0,0,99.0,0.01,1000,0,2026-02-06T16:20:37.296227
544,0,0,0,0,99.0,0.01,1000,0,2026-02-06T16:21:17.222272
545,0,0,0,0,99.0,0.01,1000,0,2026-02-06T16:21:26.741612
546,0,0,0,0,99.0,0.01,1000,0,2026-02-06T16:25:05.347739
547,0,0,0,0,99.0,0.01,1000,0,2026-02-06T16:28:37.390485
548,0,0,0,0,99.0,0.01,1000,0,2026-02-06T16:28:48.293374
549,0,0,0,0,99.0,0.01,1000,0,2026-02-06T16:31:50.059678
550,0,0,0,0,99.0,0.01,1000,0,2026-02-06T16:32:05.680494
551,0,0,0,0,99.0,0.01,1000,0,2026-02-06T16:36:24.096157
552,0,0,0,0,99.0,0.01,1000,0,2026-02-06T16:39:05.506645
553,0,0,0,0,99.0,0.01,1000,0,2026-02-06T16:39:17.916317
554,0,0,0,0,99.0,0.01,1000,0,2026-02-06T16:43:55.688081
555,0,0,0,0,99.0,0.01,1000,0,2026-02-06T16:44:08.039565
556,0,0,0,0,99.0,0.01,1000,0,2026-02-06T16:44:18.044496
557,0,0,0,0,99.0,0.01,1000,0,2026-02-06T16:46:02.137947
558,0,0,0,0,99.0,0.01,1000,0,2026-02-06T16:46:13.213645
559,0,0,0,0,99.0,0.01,1000,0,2026-02-06T16:50:39.230391
560,0,0,0,0,99.0,0.01,1000,0,2026-02-06T16:51:12.137557
561,0,0,0,0,99.0,0.01,1000,0,2026-02-06T16:54:28.177086
562,0,0,0,0,99.0,0.01,1000,0,2026-02-06T16:57:54.237910
563,0,0,0,0,99.0,0.01,1000,0,2026-02-06T16:58:51.843546
564,0,0,0,0,99.0,0.01,1000,0,2026-02-06T17:02:13.711985
565,0,0,0,0,99.0,0.01,1000,0,2026-02-06T17:03:00.312485
566,0,0,0,0,99.0,0.01,1000,0,2026-02-06T17:06:27.510550
567,0,0,0,0,99.0,0.01,1000,0,2026-02-06T17:06:38.094341
568,0,0,0,0,99.0,0.01,1000,0,2026-02-06T17:10:46.854067
569,0,0,0,0,99.0,0.01,1000,0,2026-02-06T17:15:04.350907
570,0,0,0,0,99.0,0.01,1000,0,2026-02-06T17:15:17.183671
571,0,0,0,0,99.0,0.01,1000,0,2026-02-06T17:19:07.187730
572,0,0,0,0,99.0,0.01,1000,0,2026-02-06T17:23:10.397222
573,0,0,0,0,99.0,0.01,1000,0,2026-02-06T17:28:17.542846
574,0,0,0,0,99.0,0.01,1000,0,2026-02-06T17:31:24.478047
575,0,0,0,0,99.0,0.01,1000,0,2026-02-06T17:36:35.954769
576,0,0,0,0,99.0,0.01,1000,0,2026-02-06T17:41:57.963530
577,0,0,0,0,99.0,0.01,1000,0,2026-02-06T17:42:10.999741
578,0,0,0,0,99.0,0.01,1000,0,2026-02-06T17:49:05.266241
579,0,0,0,0,99.0,0.01,1000,0,2026-02-06T17:49:25.138132
580,0,0,0,0,99.0,0.01,1000,0,2026-02-06T17:51:19.157680
581,0,0,0,0,99.0,0.01,1000,0,2026-02-06T17:51:36.454882
582,0,0,0,0,99.0,0.01,1000,0,2026-02-06T17:55:37.124092
583,0,0,0,0,99.0,0.01,1000,0,2026-02-06T17:55:52.258612
584,0,0,0,0,99.0,0.01,1000,0,2026-02-06T18:00:16.680985
585,0,0,0,0,99.0,0.01,1000,0,2026-02-06T18:00:32.164024
586,0,0,0,0,99.0,0.01,1000,0,2026-02-06T18:03:16.018093
587,0,0,0,0,99.0,0.01,1000,0,2026-02-06T18:03:28.746600
588,0,0,0,0,99.0,0.01,1000,0,2026-02-06T18:03:40.418478
589,0,0,0,0,99.0,0.01,1000,0,2026-02-06T18:09:20.761142
590,0,0,0,0,99.0,0.01,1000,0,2026-02-06T18:10:51.992507
591,0,0,0,0,99.0,0.01,1000,0,2026-02-06T18:11:05.000378
592,0,0,0,0,99.0,0.01,1000,0,2026-02-06T18:16:17.659511
593,0,0,0,0,99.0,0.01,1000,0,2026-02-06T18:16:25.892912
594,0,0,0,0,99.0,0.01,1000,0,2026-02-06T18:17:12.547894
595,0,0,0,0,99.0,0.01,1000,0,2026-02-06T18:21:35.604319
596,0,0,0,0,99.0,0.01,1000,0,2026-02-06T18:26:09.751089
597,0,0,0,0,99.0,0.01,1000,0,2026-02-06T18:30:10.786855
598,0,0,0,0,99.0,0.01,1000,0,2026-02-06T18:31:01.698032
599,0,0,0,0,99.0,0.01,1000,0,2026-02-06T18:31:13.218960
600,0,0,0,0,99.0,0.01,1000,0,2026-02-06T18:31:27.797041
601,0,0,0,0,99.0,0.01,1000,0,2026-02-06T18:32:21.534494
602,0,0,0,0,99.0,0.01,1000,0,2026-02-06T18:35:09.599142
603,0,0,0,0,99.0,0.01,1000,0,2026-02-06T18:35:33.762491
604,0,0,0,0,99.0,0.01,1000,0,2026-02-06T18:40:11.257972
605,0,0,0,0,99.0,0.01,1000,0,2026-02-06T18:40:22.497598
606,0,0,0,0,99.0,0.01,1000,0,2026-02-06T18:40:33.630333
607,0,0,0,0,99.0,0.01,1000,0,2026-02-06T18:42:13.042041
608,0,0,0,0,99.0,0.01,1000,0,2026-02-06T18:42:24.099877
609,0,0,0,0,99.0,0.01,1000,0,2026-02-06T18:43:20.219166
610,0,0,0,0,99.0,0.01,1000,0,2026-02-06T18:43:34.324688
611,0,0,0,0,99.0,0.01,1000,0,2026-02-06T18:48:13.878086
612,0,0,0,0,99.0,0.01,1000,0,2026-02-06T18:48:24.852504
613,0,0,0,0,99.0,0.01,1000,0,2026-02-06T18:50:02.904990
614,0,0,0,0,99.0,0.01,1000,0,2026-02-06T18:54:48.240855
615,0,0,0,0,99.0,0.01,1000,0,2026-02-06T18:54:57.215598
616,0,0,0,0,99.0,0.01,1000,0,2026-02-06T18:55:09.795099
617,0,0,0,0,99.0,0.01,1000,0,2026-02-06T18:57:56.098482
618,0,0,0,0,99.0,0.01,1000,0,2026-02-06T18:58:07.486255
619,0,0,0,0,99.0,0.01,1000,0,2026-02-06T19:03:03.343586
620,0,0,0,0,99.0,0.01,1000,0,2026-02-06T19:06:47.805439
621,0,0,0,0,99.0,0.01,1000,0,2026-02-06T19:07:51.215779
622,0,0,0,0,99.0,0.01,1000,0,2026-02-06T19:08:00.067861
623,0,0,0,0,99.0,0.01,1000,0,2026-02-06T19:09:31.817654
624,0,0,0,0,99.0,0.01,1000,0,2026-02-06T19:10:35.221558
625,0,0,0,0,99.0,0.01,1000,0,2026-02-06T19:10:43.095376
626,0,0,0,0,99.0,0.01,1000,0,2026-02-06T19:14:15.143201
627,0,0,0,0,99.0,0.01,1000,0,2026-02-06T19:15:15.303267
628,0,0,0,0,99.0,0.01,1000,0,2026-02-06T19:17:49.635335
629,0,0,0,0,99.0,0.01,1000,0,2026-02-06T19:18:01.209728
630,0,0,0,0,99.0,0.01,1000,0,2026-02-06T19:21:26.214476
631,0,0,0,0,99.0,0.01,1000,0,2026-02-06T19:25:59.334263
632,0,0,0,0,99.0,0.01,1000,0,2026-02-06T19:27:30.393076
633,0,0,0,0,99.0,0.01,1000,0,2026-02-06T19:32:07.033559
634,0,0,0,0,99.0,0.01,1000,0,2026-02-06T19:33:02.710096
635,0,0,0,0,99.0,0.01,1000,0,2026-02-06T19:37:40.103924
636,0,0,0,0,99.0,0.01,1000,0,2026-02-06T19:42:16.865892
637,0,0,0,0,99.0,0.01,1000,0,2026-02-06T19:46:51.145159
638,0,0,0,0,99.0,0.01,1000,0,2026-02-06T19:47:01.506965
639,0,0,0,0,99.0,0.01,1000,0,2026-02-06T19:48:42.918159
640,0,0,0,0,99.0,0.01,1000,0,2026-02-06T19:50:03.396209
641,0,0,0,0,99.0,0.01,1000,0,2026-02-06T19:54:38.189981
642,0,0,0,0,99.0,0.01,1000,0,2026-02-06T19:59:09.509527
643,0,0,0,0,99.0,0.01,1000,0,2026-02-06T20:03:33.638198
644,0,0,0,0,99.0,0.01,1000,0,2026-02-06T20:08:39.344339
645,0,0,0,0,99.0,0.01,1000,0,2026-02-06T20:10:31.473502
646,0,0,0,0,99.0,0.01,1000,0,2026-02-06T20:10:47.562329
647,0,0,0,0,99.0,0.01,1000,0,2026-02-06T20:13:31.702245
648,0,0,0,0,99.0,0.01,1000,0,2026-02-06T20:13:50.841562
649,0,0,0,0,99.0,0.01,1000,0,2026-02-06T20:14:04.742287
650,0,0,0,0,99.0,0.01,1000,0,2026-02-06T20:18:48.659831
651,0,0,0,0,99.0,0.01,1000,0,2026-02-06T20:23:59.886486
652,0,0,0,0,99.0,0.01,1000,0,2026-02-06T20:29:12.826476
653,0,0,0,0,99.0,0.01,1000,0,2026-02-06T20:29:25.445822
654,0,0,0,0,99.0,0.01,1000,0,2026-02-06T20:29:40.115666
655,0,0,0,0,99.0,0.01,1000,0,2026-02-06T20:34:47.945058
656,0,0,0,0,99.0,0.01,1000,0,2026-02-06T20:37:52.057385
657,0,0,0,0,99.0,0.01,1000,0,2026-02-06T20:38:06.030032
658,0,0,0,0,99.0,0.01,1000,0,2026-02-06T20:38:17.500108
659,0,0,0,0,99.0,0.01,1000,0,2026-02-06T20:42:54.984919
660,0,0,0,0,99.0,0.01,1000,0,2026-02-06T20:43:09.654947
661,0,0,0,0,99.0,0.01,1000,0,2026-02-06T20:43:19.459652
662,0,0,0,0,99.0,0.01,1000,0,2026-02-06T20:44:12.466804
663,0,0,0,0,99.0,0.01,1000,0,2026-02-06T20:44:28.071690
664,0,0,0,0,99.0,0.01,1000,0,2026-02-06T20:44:35.707202
665,0,0,0,0,99.0,0.01,1000,0,2026-02-06T20:50:03.427207
666,0,0,0,0,99.0,0.01,1000,0,2026-02-06T20:52:59.286527
667,0,0,0,0,99.0,0.01,1000,0,2026-02-06T20:58:51.622553
668,0,0,0,0,99.0,0.01,1000,0,2026-02-06T21:04:24.224218
669,0,0,0,0,99.0,0.01,1000,0,2026-02-06T21:04:38.003337
670,0,0,0,0,99.0,0.01,1000,0,2026-02-06T21:10:16.020227
671,0,0,0,0,99.0,0.01,1000,0,2026-02-06T21:10:28.103747
672,0,0,0,0,99.0,0.01,1000,0,2026-02-06T21:10:36.988621
673,0,0,0,0,99.0,0.01,1000,0,2026-02-06T21:11:42.876451
674,0,0,0,0,99.0,0.01,1000,0,2026-02-06T21:16:37.733206
675,0,0,0,0,99.0,0.01,1000,0,2026-02-06T21:16:53.382333
676,0,0,0,0,99.0,0.01,1000,0,2026-02-06T21:19:23.570143
677,0,0,0,0,99.0,0.01,1000,0,2026-02-06T21:25:03.820177
678,0,0,0,0,99.0,0.01,1000,0,2026-02-06T21:30:28.001941
679,0,0,0,0,99.0,0.01,1000,0,2026-02-06T21:35:54.159088
680,0,0,0,0,99.0,0.01,1000,0,2026-02-06T21:36:08.944596
681,0,0,0,0,99.0,0.01,1000,0,2026-02-06T21:36:22.222969
682,0,0,0,0,99.0,0.01,1000,0,2026-02-06T21:38:32.952828
683,0,0,0,0,99.0,0.01,1000,0,2026-02-06T21:41:55.311602
684,0,0,0,0,99.0,0.01,1000,0,2026-02-06T21:42:02.306375
685,0,0,0,0,99.0,0.01,1000,0,2026-02-06T21:42:10.661973
686,0,0,0,0,99.0,0.01,1000,0,2026-02-06T21:43:37.824510
687,0,0,0,0,99.0,0.01,1000,0,2026-02-06T21:43:45.926153
688,0,0,0,0,99.0,0.01,1000,0,2026-02-06T21:47:27.613680
689,0,0,0,0,99.0,0.01,1000,0,2026-02-06T21:47:39.823592
690,0,0,0,0,99.0,0.01,1000,0,2026-02-06T21:47:49.280154
691,0,0,0,0,99.0,0.01,1000,0,2026-02-06T21:52:09.999951
692,0,0,0,0,99.0,0.01,1000,0,2026-02-06T21:53:46.838418
693,0,0,0,0,99.0,0.01,1000,0,2026-02-06T21:55:20.780525
694,0,0,0,0,99.0,0.01,1000,0,2026-02-06T22:00:10.986857
695,0,0,0,0,99.0,0.01,1000,0,2026-02-06T22:00:18.980202
696,0,0,0,0,99.0,0.01,1000,0,2026-02-06T22:00:33.983472
697,0,0,0,0,99.0,0.01,1000,0,2026-02-06T22:06:01.657305
698,0,0,0,0,99.0,0.01,1000,0,2026-02-06T22:06:15.264679
699,0,0,0,0,99.0,0.01,1000,0,2026-02-06T22:07:44.732571
700,0,0,0,0,99.0,0.01,1000,0,2026-02-06T22:09:23.485926
701,0,0,0,0,99.0,0.01,1000,0,2026-02-06T22:09:37.299895
702,0,0,0,0,99.0,0.01,1000,0,2026-02-06T22:09:44.658235
703,0,0,0,0,99.0,0.01,1000,0,2026-02-06T22:14:20.878222
704,0,0,0,0,99.0,0.01,1000,0,2026-02-06T22:14:30.028451
705,0,0,0,0,99.0,0.01,1000,0,2026-02-06T22:15:14.706664
706,0,0,0,0,99.0,0.01,1000,0,2026-02-06T22:15:22.961178
707,0,0,0,0,99.0,0.01,1000,0,2026-02-06T22:15:35.758493
708,0,0,0,0,99.0,0.01,1000,0,2026-02-06T22:15:46.793369
709,0,0,0,0,99.0,0.01,1000,0,2026-02-06T22:20:47.229052
710,0,0,0,0,99.0,0.01,1000,0,2026-02-06T22:21:00.386226
711,0,0,0,0,99.0,0.01,1000,0,2026-02-06T22:21:11.872278
712,0,0,0,0,99.0,0.01,1000,0,2026-02-06T22:21:31.562352
713,0,0,0,0,99.0,0.01,1000,0,2026-02-06T22:21:42.426883
714,0,0,0,0,99.0,0.01,1000,0,2026-02-06T22:21:56.607878
715,0,0,0,0,99.0,0.01,1000,0,2026-02-06T22:23:04.651158
716,0,0,0,0,99.0,0.01,1000,0,2026-02-06T22:23:17.163040
717,0,0,0,0,99.0,0.01,1000,0,2026-02-06T22:23:32.583689
718,0,0,0,0,99.0,0.01,1000,0,2026-02-06T22:25:00.170461
719,0,0,0,0,99.0,0.01,1000,0,2026-02-06T22:25:15.133645
720,0,0,0,0,99.0,0.01,1000,0,2026-02-06T22:25:30.483973
721,0,0,0,0,99.0,0.01,1000,0,2026-02-06T22:29:25.809260
722,0,0,0,0,99.0,0.01,1000,0,2026-02-06T22:30:55.050977
723,0,0,0,0,99.0,0.01,1000,0,2026-02-06T22:31:05.357391
724,0,0,0,0,99.0,0.01,1000,0,2026-02-06T22:31:20.127216
725,0,0,0,0,99.0,0.01,1000,0,2026-02-06T22:35:16.214574
726,0,0,0,0,99.0,0.01,1000,0,2026-02-06T22:40:58.297947
727,0,0,0,0,99.0,0.01,1000,0,2026-02-06T22:44:40.653930
728,0,0,0,0,99.0,0.01,1000,0,2026-02-06T22:44:59.638004
729,0,0,0,0,99.0,0.01,1000,0,2026-02-06T22:45:16.105647
730,0,0,0,0,99.0,0.01,1000,0,2026-02-06T22:50:46.528483
731,0,0,0,0,99.0,0.01,1000,0,2026-02-06T22:51:43.037852
732,0,0,0,0,99.0,0.01,1000,0,2026-02-06T22:51:59.644871
733,0,0,0,0,99.0,0.01,1000,0,2026-02-06T22:57:01.241847
734,0,0,0,0,99.0,0.01,1000,0,2026-02-06T22:57:19.729975
735,0,0,0,0,99.0,0.01,1000,0,2026-02-06T23:01:52.293140
736,0,0,0,0,99.0,0.01,1000,0,2026-02-06T23:02:07.061496
737,0,0,0,0,99.0,0.01,1000,0,2026-02-06T23:05:46.600405
738,0,0,0,0,99.0,0.01,1000,0,2026-02-06T23:10:38.929828
739,0,0,0,0,99.0,0.01,1000,0,2026-02-06T23:10:48.932452
740,0,0,0,0,99.0,0.01,1000,0,2026-02-06T23:11:02.787460
741,0,0,0,0,99.0,0.01,1000,0,2026-02-06T23:16:11.764744
742,0,0,0,0,99.0,0.01,1000,0,2026-02-06T23:16:24.639844
743,0,0,0,0,99.0,0.01,1000,0,2026-02-06T23:17:22.514034
744,0,0,0,0,99.0,0.01,1000,0,2026-02-06T23:17:31.642482
745,0,0,0,0,99.0,0.01,1000,0,2026-02-06T23:17:50.350304
746,0,0,0,0,99.0,0.01,1000,0,2026-02-06T23:18:04.722148
747,0,0,0,0,99.0,0.01,1000,0,2026-02-06T23:18:18.131289
748,0,0,0,0,99.0,0.01,1000,0,2026-02-06T23:22:42.300515
749,0,0,0,0,99.0,0.01,1000,0,2026-02-06T23:28:11.151768
750,0,0,0,0,99.0,0.01,1000,0,2026-02-06T23:28:26.634759
751,0,0,0,0,99.0,0.01,1000,0,2026-02-06T23:32:42.942833
752,0,0,0,0,99.0,0.01,1000,0,2026-02-06T23:38:05.402699
753,0,0,0,0,99.0,0.01,1000,0,2026-02-06T23:38:16.231616
754,0,0,0,0,99.0,0.01,1000,0,2026-02-06T23:38:27.038331
755,0,0,0,0,99.0,0.01,1000,0,2026-02-06T23:43:17.739946
756,0,0,0,0,99.0,0.01,1000,0,2026-02-06T23:48:03.286739
757,0,0,0,0,99.0,0.01,1000,0,2026-02-06T23:50:58.478127
758,0,0,0,0,99.0,0.01,1000,0,2026-02-06T23:51:11.870684
759,0,0,0,0,99.0,0.01,1000,0,2026-02-06T23:55:48.556365
760,0,0,0,0,99.0,0.01,1000,0,2026-02-07T00:00:40.289940
761,0,0,0,0,99.0,0.01,1000,0,2026-02-07T00:00:52.042622
762,0,0,0,0,99.0,0.01,1000,0,2026-02-07T00:05:34.289480
763,0,0,0,0,99.0,0.01,1000,0,2026-02-07T00:05:48.702832
764,0,0,0,0,99.0,0.01,1000,0,2026-02-07T00:10:30.361234
765,0,0,0,0,99.0,0.01,1000,0,2026-02-07T00:10:46.175786
766,0,0,0,0,99.0,0.01,1000,0,2026-02-07T00:15:25.284025
767,0,0,0,0,99.0,0.01,1000,0,2026-02-07T00:20:02.984051
768,0,0,0,0,99.0,0.01,1000,0,2026-02-07T00:20:15.118335
769,0,0,0,0,99.0,0.01,1000,0,2026-02-07T00:25:00.147017
770,0,0,0,0,99.0,0.01,1000,0,2026-02-07T00:28:34.270689
771,0,0,0,0,99.0,0.01,1000,0,2026-02-07T00:28:45.152935
772,0,0,0,0,99.0,0.01,1000,0,2026-02-07T00:31:51.878763
773,0,0,0,0,99.0,0.01,1000,0,2026-02-07T00:31:58.951725
774,0,0,0,0,99.0,0.01,1000,0,2026-02-07T00:32:15.039371
775,0,0,0,0,99.0,0.01,1000,0,2026-02-07T00:35:19.646315
776,0,0,0,0,99.0,0.01,1000,0,2026-02-07T00:35:24.774016
777,0,0,0,0,99.0,0.01,1000,0,2026-02-07T00:38:33.239786
778,0,0,0,0,99.0,0.01,1000,0,2026-02-07T00:38:49.095016
779,0,0,0,0,99.0,0.01,1000,0,2026-02-07T00:38:59.841563
780,0,0,0,0,99.0,0.01,1000,0,2026-02-07T00:39:19.031611
781,0,0,0,0,99.0,0.01,1000,0,2026-02-07T00:42:54.533213
782,0,0,0,0,99.0,0.01,1000,0,2026-02-07T00:43:04.235002
783,0,0,0,0,99.0,0.01,1000,0,2026-02-07T00:43:13.370014
784,0,0,0,0,99.0,0.01,1000,0,2026-02-07T00:46:29.467948
785,0,0,0,0,99.0,0.01,1000,0,2026-02-07T00:49:59.116909
786,0,0,0,0,99.0,0.01,1000,0,2026-02-07T00:52:58.110860
787,0,0,0,0,99.0,0.01,1000,0,2026-02-07T00:53:03.410234
788,0,0,0,0,99.0,0.01,1000,0,2026-02-07T00:53:21.997062
789,0,0,0,0,99.0,0.01,1000,0,2026-02-07T00:57:53.494670
790,0,0,0,0,99.0,0.01,1000,0,2026-02-07T01:02:29.627512
791,0,0,0,0,99.0,0.01,1000,0,2026-02-07T01:02:39.152029
792,0,0,0,0,99.0,0.01,1000,0,2026-02-07T01:07:41.599364
793,0,0,0,0,99.0,0.01,1000,0,2026-02-07T01:08:04.852393
794,0,0,0,0,99.0,0.01,1000,0,2026-02-07T01:12:35.058124
795,0,0,0,0,99.0,0.01,1000,0,2026-02-07T01:12:48.588372
796,0,0,0,0,99.0,0.01,1000,0,2026-02-07T01:13:00.192345
797,0,0,0,0,99.0,0.01,1000,0,2026-02-07T01:13:13.218501
798,0,0,0,0,99.0,0.01,1000,0,2026-02-07T01:13:25.753074
799,0,0,0,0,99.0,0.01,1000,0,2026-02-07T01:13:40.166893
800,0,0,0,0,99.0,0.01,1000,0,2026-02-07T01:13:55.264850
801,0,0,0,0,99.0,0.01,1000,0,2026-02-07T01:19:03.340582
802,0,0,0,0,99.0,0.01,1000,0,2026-02-07T01:23:48.097115
803,0,0,0,0,99.0,0.01,1000,0,2026-02-07T01:24:52.482676
804,0,0,0,0,99.0,0.01,1000,0,2026-02-07T01:28:25.258646
805,0,0,0,0,99.0,0.01,1000,0,2026-02-07T01:33:51.222757
806,0,0,0,0,99.0,0.01,1000,0,2026-02-07T01:34:05.393204
807,0,0,0,0,99.0,0.01,1000,0,2026-02-07T01:34:17.905434
808,0,0,0,0,99.0,0.01,1000,0,2026-02-07T01:35:42.606906
809,0,0,0,0,99.0,0.01,1000,0,2026-02-07T01:35:57.966935
810,0,0,0,0,99.0,0.01,1000,0,2026-02-07T01:38:07.519506
811,0,0,0,0,99.0,0.01,1000,0,2026-02-07T01:40:24.177763
812,0,0,0,0,99.0,0.01,1000,0,2026-02-07T01:41:32.076164
813,0,0,0,0,99.0,0.01,1000,0,2026-02-07T01:42:56.591689
814,0,0,0,0,99.0,0.01,1000,0,2026-02-07T01:46:15.942220
815,0,0,0,0,99.0,0.01,1000,0,2026-02-07T01:46:24.397378
816,0,0,0,0,99.0,0.01,1000,0,2026-02-07T01:46:32.826073
817,0,0,0,0,99.0,0.01,1000,0,2026-02-07T01:51:08.985069
818,0,0,0,0,99.0,0.01,1000,0,2026-02-07T01:51:49.396296
819,0,0,0,0,99.0,0.01,1000,0,2026-02-07T01:51:59.789919
820,0,0,0,0,99.0,0.01,1000,0,2026-02-07T01:56:52.895599
821,0,0,0,0,99.0,0.01,1000,0,2026-02-07T01:57:29.948347
822,0,0,0,0,99.0,0.01,1000,0,2026-02-07T01:57:42.109817
823,0,0,0,0,99.0,0.01,1000,0,2026-02-07T01:57:56.482191
824,0,0,0,0,99.0,0.01,1000,0,2026-02-07T02:00:31.181813
825,0,0,0,0,99.0,0.01,1000,0,2026-02-07T02:00:39.635075
826,0,0,0,0,99.0,0.01,1000,0,2026-02-07T02:02:28.787901
827,0,0,0,0,99.0,0.01,1000,0,2026-02-07T02:03:41.874710
828,0,0,0,0,99.0,0.01,1000,0,2026-02-07T02:03:56.453261
829,0,0,0,0,99.0,0.01,1000,0,2026-02-07T02:04:09.085905
830,0,0,0,0,99.0,0.01,1000,0,2026-02-07T02:04:25.198117
831,0,0,0,0,99.0,0.01,1000,0,2026-02-07T02:04:37.538873
832,0,0,0,0,99.0,0.01,1000,0,2026-02-07T02:04:50.287288
833,0,0,0,0,99.0,0.01,1000,0,2026-02-07T02:09:37.158769
834,0,0,0,0,99.0,0.01,1000,0,2026-02-07T02:09:48.990133
835,0,0,0,0,99.0,0.01,1000,0,2026-02-07T02:10:03.222315
836,0,0,0,0,99.0,0.01,1000,0,2026-02-07T02:14:35.905463
837,0,0,0,0,99.0,0.01,1000,0,2026-02-07T02:19:16.540625
838,0,0,0,0,99.0,0.01,1000,0,2026-02-07T02:19:25.544674
839,0,0,0,0,99.0,0.01,1000,0,2026-02-07T02:19:37.644752
840,0,0,0,0,99.0,0.01,1000,0,2026-02-07T02:19:51.345195
841,0,0,0,0,99.0,0.01,1000,0,2026-02-07T02:22:40.818153
842,0,0,0,0,99.0,0.01,1000,0,2026-02-07T02:22:52.514471
843,0,0,0,0,99.0,0.01,1000,0,2026-02-07T02:23:09.264111
844,0,0,0,0,99.0,0.01,1000,0,2026-02-07T02:27:51.884079
845,0,0,0,0,99.0,0.01,1000,0,2026-02-07T02:28:03.136026
846,0,0,0,0,99.0,0.01,1000,0,2026-02-07T02:28:14.798111
847,0,0,0,0,99.0,0.01,1000,0,2026-02-07T02:32:59.365301
848,0,0,0,0,99.0,0.01,1000,0,2026-02-07T02:33:10.932617
849,0,0,0,0,99.0,0.01,1000,0,2026-02-07T02:37:53.291197
850,0,0,0,0,99.0,0.01,1000,0,2026-02-07T02:38:04.934228
851,0,0,0,0,99.0,0.01,1000,0,2026-02-07T02:38:56.480726
852,0,0,0,0,99.0,0.01,1000,0,2026-02-07T02:39:06.743784
853,0,0,0,0,99.0,0.01,1000,0,2026-02-07T02:40:37.034187
854,0,0,0,0,99.0,0.01,1000,0,2026-02-07T02:44:50.145120
855,0,0,0,0,99.0,0.01,1000,0,2026-02-07T02:48:19.683769
856,0,0,0,0,99.0,0.01,1000,0,2026-02-07T02:52:59.969263
857,0,0,0,0,99.0,0.01,1000,0,2026-02-07T02:56:18.129049
858,0,0,0,0,99.0,0.01,1000,0,2026-02-07T02:59:32.883792
859,0,0,0,0,99.0,0.01,1000,0,2026-02-07T02:59:43.394406
860,0,0,0,0,99.0,0.01,1000,0,2026-02-07T03:00:33.838354
861,0,0,0,0,99.0,0.01,1000,0,2026-02-07T03:00:46.567934
862,0,0,0,0,99.0,0.01,1000,0,2026-02-07T03:00:57.121449
863,0,0,0,0,99.0,0.01,1000,0,2026-02-07T03:04:08.544121
864,0,0,0,0,99.0,0.01,1000,0,2026-02-07T03:05:05.602262
865,0,0,0,0,99.0,0.01,1000,0,2026-02-07T03:09:49.445209
866,0,0,0,0,99.0,0.01,1000,0,2026-02-07T03:10:00.657456
867,0,0,0,0,99.0,0.01,1000,0,2026-02-07T03:14:33.926368
868,0,0,0,0,99.0,0.01,1000,0,2026-02-07T03:14:44.609718
869,0,0,0,0,99.0,0.01,1000,0,2026-02-07T03:15:26.290431
870,0,0,0,0,99.0,0.01,1000,0,2026-02-07T03:15:41.234667
871,0,0,0,0,99.0,0.01,1000,0,2026-02-07T03:15:53.861879
872,0,0,0,0,99.0,0.01,1000,0,2026-02-07T03:20:26.179347
873,0,0,0,0,99.0,0.01,1000,0,2026-02-07T03:23:56.590367
874,0,0,0,0,99.0,0.01,1000,0,2026-02-07T03:28:34.878867
875,0,0,0,0,99.0,0.01,1000,0,2026-02-07T03:33:13.134295
876,0,0,0,0,99.0,0.01,1000,0,2026-02-07T03:33:34.186459
877,0,0,0,0,99.0,0.01,1000,0,2026-02-07T03:36:30.497872
878,0,0,0,0,99.0,0.01,1000,0,2026-02-07T03:38:12.230905
879,0,0,0,0,99.0,0.01,1000,0,2026-02-07T03:42:18.607998
880,0,0,0,0,99.0,0.01,1000,0,2026-02-07T03:43:37.502602
881,0,0,0,0,99.0,0.01,1000,0,2026-02-07T03:43:48.455249
882,0,0,0,0,99.0,0.01,1000,0,2026-02-07T03:44:01.677771
883,0,0,0,0,99.0,0.01,1000,0,2026-02-07T03:48:43.807487
884,0,0,0,0,99.0,0.01,1000,0,2026-02-07T03:53:18.795615
885,0,0,0,0,99.0,0.01,1000,0,2026-02-07T03:58:02.301417
886,0,0,0,0,99.0,0.01,1000,0,2026-02-07T03:58:13.974177
887,0,0,0,0,99.0,0.01,1000,0,2026-02-07T04:01:00.074177
888,0,0,0,0,99.0,0.01,1000,0,2026-02-07T04:05:50.121756
889,0,0,0,0,99.0,0.01,1000,0,2026-02-07T04:10:25.114473
890,0,0,0,0,99.0,0.01,1000,0,2026-02-07T04:13:50.489592
891,0,0,0,0,99.0,0.01,1000,0,2026-02-07T04:15:00.627357
892,0,0,0,0,99.0,0.01,1000,0,2026-02-07T04:19:35.225754
893,0,0,0,0,99.0,0.01,1000,0,2026-02-07T04:23:56.177604
894,0,0,0,0,99.0,0.01,1000,0,2026-02-07T04:25:34.875676
895,0,0,0,0,99.0,0.01,1000,0,2026-02-07T04:25:46.135349
896,0,0,0,0,99.0,0.01,1000,0,2026-02-07T04:28:46.133559
897,0,0,0,0,99.0,0.01,1000,0,2026-02-07T04:32:58.266402
898,0,0,0,0,99.0,0.01,1000,0,2026-02-07T04:33:09.558914
899,0,0,0,0,99.0,0.01,1000,0,2026-02-07T04:37:43.659351
900,0,0,0,0,99.0,0.01,1000,0,2026-02-07T04:42:34.520334
901,0,0,0,0,99.0,0.01,1000,0,2026-02-07T04:45:50.767220
902,0,0,0,0,99.0,0.01,1000,0,2026-02-07T04:50:42.519497
903,0,0,0,0,99.0,0.01,1000,0,2026-02-07T04:54:55.938261
904,0,0,0,0,99.0,0.01,1000,0,2026-02-07T04:55:05.462024
905,0,0,0,0,99.0,0.01,1000,0,2026-02-07T04:55:16.563724
906,0,0,0,0,99.0,0.01,1000,0,2026-02-07T04:59:47.719025
907,0,0,0,0,99.0,0.01,1000,0,2026-02-07T05:04:29.393809
908,0,0,0,0,99.0,0.01,1000,0,2026-02-07T05:04:39.451045
909,0,0,0,0,99.0,0.01,1000,0,2026-02-07T05:05:38.159767
910,0,0,0,0,99.0,0.01,1000,0,2026-02-07T05:06:23.397688
911,0,0,0,0,99.0,0.01,1000,0,2026-02-07T05:07:20.227338
912,0,0,0,0,99.0,0.01,1000,0,2026-02-07T05:09:28.278358
913,0,0,0,0,99.0,0.01,1000,0,2026-02-07T05:09:38.635968
914,0,0,0,0,99.0,0.01,1000,0,2026-02-07T05:11:00.064882
915,0,0,0,0,99.0,0.01,1000,0,2026-02-07T05:15:48.508903
916,0,0,0,0,99.0,0.01,1000,0,2026-02-07T05:15:56.800191
917,0,0,0,0,99.0,0.01,1000,0,2026-02-07T05:16:07.185903
918,0,0,0,0,99.0,0.01,1000,0,2026-02-07T05:17:03.814323
919,0,0,0,0,99.0,0.01,1000,0,2026-02-07T05:18:21.231437
920,0,0,0,0,99.0,0.01,1000,0,2026-02-07T05:20:26.813490
921,0,0,0,0,99.0,0.01,1000,0,2026-02-07T05:20:38.777275
922,0,0,0,0,99.0,0.01,1000,0,2026-02-07T05:20:50.903379
923,0,0,0,0,99.0,0.01,1000,0,2026-02-07T05:22:03.049113
924,0,0,0,0,99.0,0.01,1000,0,2026-02-07T05:22:15.511459
925,0,0,0,0,99.0,0.01,1000,0,2026-02-07T05:23:22.023104
926,0,0,0,0,99.0,0.01,1000,0,2026-02-07T05:25:09.678410
927,0,0,0,0,99.0,0.01,1000,0,2026-02-07T05:29:52.685721
928,0,0,0,0,99.0,0.01,1000,0,2026-02-07T05:31:30.384193
929,0,0,0,0,99.0,0.01,1000,0,2026-02-07T05:36:15.262914
930,0,0,0,0,99.0,0.01,1000,0,2026-02-07T05:36:28.199307
931,0,0,0,0,99.0,0.01,1000,0,2026-02-07T05:39:09.396417
932,0,0,0,0,99.0,0.01,1000,0,2026-02-07T05:39:53.207279
933,0,0,0,0,99.0,0.01,1000,0,2026-02-07T05:41:01.856099
934,0,0,0,0,99.0,0.01,1000,0,2026-02-07T05:42:52.441910
935,0,0,0,0,99.0,0.01,1000,0,2026-02-07T05:43:39.529280
936,0,0,0,0,99.0,0.01,1000,0,2026-02-07T05:44:46.440010
937,0,0,0,0,99.0,0.01,1000,0,2026-02-07T05:44:59.132483
938,0,0,0,0,99.0,0.01,1000,0,2026-02-07T05:48:29.518744
939,0,0,0,0,99.0,0.01,1000,0,2026-02-07T05:48:42.311372
940,0,0,0,0,99.0,0.01,1000,0,2026-02-07T05:48:55.714396
941,0,0,0,0,99.0,0.01,1000,0,2026-02-07T05:52:43.647558
942,0,0,0,0,99.0,0.01,1000,0,2026-02-07T05:52:56.062178
943,0,0,0,0,99.0,0.01,1000,0,2026-02-07T05:53:05.027354
944,0,0,0,0,99.0,0.01,1000,0,2026-02-07T05:53:14.586324
945,0,0,0,0,99.0,0.01,1000,0,2026-02-07T05:57:50.338425
946,0,0,0,0,99.0,0.01,1000,0,2026-02-07T05:58:00.548569
947,0,0,0,0,99.0,0.01,1000,0,2026-02-07T05:58:42.847988
948,0,0,0,0,99.0,0.01,1000,0,2026-02-07T06:01:21.730385
949,0,0,0,0,99.0,0.01,1000,0,2026-02-07T06:05:47.272038
950,0,0,0,0,99.0,0.01,1000,0,2026-02-07T06:07:17.182688
951,0,0,0,0,99.0,0.01,1000,0,2026-02-07T06:07:51.036959
952,0,0,0,0,99.0,0.01,1000,0,2026-02-07T06:08:01.716803
953,0,0,0,0,99.0,0.01,1000,0,2026-02-07T06:08:12.148441
954,0,0,0,0,99.0,0.01,1000,0,2026-02-07T06:08:22.832681
955,0,0,0,0,99.0,0.01,1000,0,2026-02-07T06:08:33.585783
956,0,0,0,0,99.0,0.01,1000,0,2026-02-07T06:08:45.051324
957,0,0,0,0,99.0,0.01,1000,0,2026-02-07T06:08:54.898997
958,0,0,0,0,99.0,0.01,1000,0,2026-02-07T06:13:27.454478
959,0,0,0,0,99.0,0.01,1000,0,2026-02-07T06:13:38.034674
960,0,0,0,0,99.0,0.01,1000,0,2026-02-07T06:15:15.255251
961,0,0,0,0,99.0,0.01,1000,0,2026-02-07T06:19:15.185992
962,0,0,0,0,99.0,0.01,1000,0,2026-02-07T06:19:28.154348
963,0,0,0,0,99.0,0.01,1000,0,2026-02-07T06:19:39.837008
964,0,0,0,0,99.0,0.01,1000,0,2026-02-07T06:21:34.181993
965,0,0,0,0,99.0,0.01,1000,0,2026-02-07T06:21:44.706921
966,0,0,0,0,99.0,0.01,1000,0,2026-02-07T06:23:24.357967
967,0,0,0,0,99.0,0.01,1000,0,2026-02-07T06:24:24.837939
968,0,0,0,0,99.0,0.01,1000,0,2026-02-07T06:24:35.947679
969,0,0,0,0,99.0,0.01,1000,0,2026-02-07T06:24:46.388278
970,0,0,0,0,99.0,0.01,1000,0,2026-02-07T06:25:44.742145
971,0,0,0,0,99.0,0.01,1000,0,2026-02-07T06:25:57.758749
972,0,0,0,0,99.0,0.01,1000,0,2026-02-07T06:26:09.398026
973,0,0,0,0,99.0,0.01,1000,0,2026-02-07T06:27:38.875122
974,0,0,0,0,99.0,0.01,1000,0,2026-02-07T06:29:35.276339
975,0,0,0,0,99.0,0.01,1000,0,2026-02-07T06:31:05.222552
976,0,0,0,0,99.0,0.01,1000,0,2026-02-07T06:31:16.419003
977,0,0,0,0,99.0,0.01,1000,0,2026-02-07T06:32:58.010704
978,0,0,0,0,99.0,0.01,1000,0,2026-02-07T06:33:59.468474
979,0,0,0,0,99.0,0.01,1000,0,2026-02-07T06:35:08.444607
980,0,0,0,0,99.0,0.01,1000,0,2026-02-07T06:40:02.574169
981,0,0,0,0,99.0,0.01,1000,0,2026-02-07T06:40:45.037828
982,0,0,0,0,99.0,0.01,1000,0,2026-02-07T06:42:06.147644
983,0,0,0,0,99.0,0.01,1000,0,2026-02-07T06:42:17.464376
984,0,0,0,0,99.0,0.01,1000,0,2026-02-07T06:42:28.147472
985,0,0,0,0,99.0,0.01,1000,0,2026-02-07T06:44:04.444056
986,0,0,0,0,99.0,0.01,1000,0,2026-02-07T06:48:48.626212
987,0,0,0,0,99.0,0.01,1000,0,2026-02-07T06:50:41.593202
988,0,0,0,0,99.0,0.01,1000,0,2026-02-07T06:55:16.163053
989,0,0,0,0,99.0,0.01,1000,0,2026-02-07T06:55:57.989095
990,0,0,0,0,99.0,0.01,1000,0,2026-02-07T06:59:22.674609
991,0,0,0,0,99.0,0.01,1000,0,2026-02-07T06:59:35.102192
992,0,0,0,0,99.0,0.01,1000,0,2026-02-07T07:01:32.587230
993,0,0,0,0,99.0,0.01,1000,0,2026-02-07T07:01:44.743916
994,0,0,0,0,99.0,0.01,1000,0,2026-02-07T07:01:57.152362
995,0,0,0,0,99.0,0.01,1000,0,2026-02-07T07:02:11.504954
996,0,0,0,0,99.0,0.01,1000,0,2026-02-07T07:02:22.355160
997,0,0,0,0,99.0,0.01,1000,0,2026-02-07T07:02:46.190698
998,0,0,0,0,99.0,0.01,1000,0,2026-02-07T07:02:57.236130
999,0,0,0,0,99.0,0.01,1000,0,2026-02-07T07:04:58.792503
1000,0,0,0,0,99.0,0.01,1000,0,2026-02-07T07:09:48.613373
1001,0,0,0,0,99.0,0.01,1000,0,2026-02-07T07:11:19.249013
1002,0,0,0,0,99.0,0.01,1000,0,2026-02-07T07:15:18.301262
1003,0,0,0,0,99.0,0.01,1000,0,2026-02-07T07:19:52.953943
1004,0,0,0,0,99.0,0.01,1000,0,2026-02-07T07:20:01.832691
1005,0,0,0,0,99.0,0.01,1000,0,2026-02-07T07:20:15.570785
1006,0,0,0,0,99.0,0.01,1000,0,2026-02-07T07:23:42.018365
1007,0,0,0,0,99.0,0.01,1000,0,2026-02-07T07:23:54.566095
1008,0,0,0,0,99.0,0.01,1000,0,2026-02-07T07:28:34.471821
1009,0,0,0,0,99.0,0.01,1000,0,2026-02-07T07:33:09.005219
1010,0,0,0,0,99.0,0.01,1000,0,2026-02-07T07:36:49.249981
1011,0,0,0,0,99.0,0.01,1000,0,2026-02-07T07:36:58.026253
1012,0,0,0,0,99.0,0.01,1000,0,2026-02-07T07:37:39.378415
1013,0,0,0,0,99.0,0.01,1000,0,2026-02-07T07:38:44.693663
1014,0,0,0,0,99.0,0.01,1000,0,2026-02-07T07:38:54.168455
1015,0,0,0,0,99.0,0.01,1000,0,2026-02-07T07:39:03.840646
1016,0,0,0,0,99.0,0.01,1000,0,2026-02-07T07:42:43.419752
1017,0,0,0,0,99.0,0.01,1000,0,2026-02-07T07:42:51.764168
1018,0,0,0,0,99.0,0.01,1000,0,2026-02-07T07:43:38.577045
1019,0,0,0,0,99.0,0.01,1000,0,2026-02-07T07:43:48.056487
1020,0,0,0,0,99.0,0.01,1000,0,2026-02-07T07:43:59.654878
1021,0,0,0,0,99.0,0.01,1000,0,2026-02-07T07:44:31.649095
1022,0,0,0,0,99.0,0.01,1000,0,2026-02-07T07:45:15.460256
1023,0,0,0,0,99.0,0.01,1000,0,2026-02-07T07:46:07.109261
1024,0,0,0,0,99.0,0.01,1000,0,2026-02-07T07:46:15.971021
1025,0,0,0,0,99.0,0.01,1000,0,2026-02-07T07:46:56.875487
1026,0,0,0,0,99.0,0.01,1000,0,2026-02-07T07:48:34.443209
1027,0,0,0,0,99.0,0.01,1000,0,2026-02-07T07:48:44.260068
1028,0,0,0,0,99.0,0.01,1000,0,2026-02-07T07:52:27.797948
1029,0,0,0,0,99.0,0.01,1000,0,2026-02-07T07:53:03.601194
1030,0,0,0,0,99.0,0.01,1000,0,2026-02-07T07:53:58.696439
1031,0,0,0,0,99.0,0.01,1000,0,2026-02-07T07:54:10.602213
1032,0,0,0,0,99.0,0.01,1000,0,2026-02-07T07:55:06.616435
1033,0,0,0,0,99.0,0.01,1000,0,2026-02-07T07:56:07.112841
1034,0,0,0,0,99.0,0.01,1000,0,2026-02-07T07:57:23.471479
1035,0,0,0,0,99.0,0.01,1000,0,2026-02-07T07:57:35.717026
1036,0,0,0,0,99.0,0.01,1000,0,2026-02-07T07:58:43.710289
1037,0,0,0,0,99.0,0.01,1000,0,2026-02-07T07:58:58.285410
1038,0,0,0,0,99.0,0.01,1000,0,2026-02-07T07:59:12.733732
1039,0,0,0,0,99.0,0.01,1000,0,2026-02-07T08:03:54.874890
1040,0,0,0,0,99.0,0.01,1000,0,2026-02-07T08:07:28.260503
1041,0,0,0,0,99.0,0.01,1000,0,2026-02-07T08:10:21.148618
1042,0,0,0,0,99.0,0.01,1000,0,2026-02-07T08:13:56.678461
1043,0,0,0,0,99.0,0.01,1000,0,2026-02-07T08:14:58.247239
1044,0,0,0,0,99.0,0.01,1000,0,2026-02-07T08:15:24.323960
1045,0,0,0,0,99.0,0.01,1000,0,2026-02-07T08:16:22.412943
1046,0,0,0,0,99.0,0.01,1000,0,2026-02-07T08:16:34.193164
1047,0,0,0,0,99.0,0.01,1000,0,2026-02-07T08:20:18.170818
1048,0,0,0,0,99.0,0.01,1000,0,2026-02-07T08:20:27.171359
1049,0,0,0,0,99.0,0.01,1000,0,2026-02-07T08:20:36.071107
1050,0,0,0,0,99.0,0.01,1000,0,2026-02-07T08:20:46.937903
1051,0,0,0,0,99.0,0.01,1000,0,2026-02-07T08:20:55.520509
1052,0,0,0,0,99.0,0.01,1000,0,2026-02-07T08:21:28.743019
1053,0,0,0,0,99.0,0.01,1000,0,2026-02-07T08:21:37.427478
1054,0,0,0,0,99.0,0.01,1000,0,2026-02-07T08:21:54.994531
1055,0,0,0,0,99.0,0.01,1000,0,2026-02-07T08:25:27.470091
1056,0,0,0,0,99.0,0.01,1000,0,2026-02-07T08:26:28.145958
1057,0,0,0,0,99.0,0.01,1000,0,2026-02-07T08:26:40.436785
1058,0,0,0,0,99.0,0.01,1000,0,2026-02-07T08:28:35.495506
